{"stats":{"minecraft:crafted":{"minecraft:spruce_button":1,"minecraft:furnace":1,"minecraft:iron_boots":1,"minecraft:iron_axe":1,"minecraft:stone_pickaxe":1,"minecraft:cooked_beef":12,"minecraft:cooked_porkchop":17,"minecraft:crafting_table":1,"minecraft:spruce_planks":224,"minecraft:wooden_pickaxe":1,"minecraft:iron_helmet":1,"minecraft:iron_sword":1,"minecraft:stone_axe":1,"minecraft:air":0,"minecraft:iron_chestplate":1,"minecraft:shield":1,"minecraft:stick":40,"minecraft:iron_ingot":56,"minecraft:iron_pickaxe":1,"minecraft:stone_sword":1,"minecraft:iron_shovel":1,"minecraft:iron_leggings":1,"minecraft:gold_ingot":9,"minecraft:torch":64},"minecraft:used":{"minecraft:stone_sword":88,"minecraft:iron_shovel":197,"minecraft:poppy":1,"minecraft:spruce_planks":52,"minecraft:shield":20,"minecraft:iron_sword":8,"minecraft:rotten_flesh":2,"minecraft:cooked_chicken":1,"minecraft:netherrack":46,"minecraft:torch":27,"minecraft:dirt":218,"minecraft:iron_axe":94,"minecraft:sweet_berries":12,"minecraft:soul_soil":12,"minecraft:furnace":5,"minecraft:cooked_beef":3,"minecraft:potato":2,"minecraft:diorite":1,"minecraft:stone_pickaxe":126,"minecraft:wooden_pickaxe":4,"minecraft:sand":1,"minecraft:crafting_table":5,"minecraft:iron_pickaxe":283,"minecraft:spruce_sapling":1,"minecraft:stone_axe":22,"minecraft:cobblestone":34,"minecraft:purple_bed":2,"minecraft:cooked_porkchop":15},"minecraft:dropped":{"minecraft:iron_ingot":2,"minecraft:soul_sand":1,"minecraft:wheat_seeds":1,"minecraft:cooked_beef":6,"minecraft:leather":2,"minecraft:spruce_button":2,"minecraft:stick":1,"minecraft:dirt":18,"minecraft:iron_axe":1,"minecraft:string":2,"minecraft:dandelion":2,"minecraft:stone_axe":1,"minecraft:soul_soil":7,"minecraft:iron_nugget":13,"minecraft:stone_sword":1,"minecraft:rotten_flesh":2,"minecraft:filled_map":3,"minecraft:leather_chestplate":2,"minecraft:spruce_boat":1,"minecraft:gunpowder":1,"minecraft:oak_sapling":20,"minecraft:golden_sword":1,"minecraft:spider_eye":1,"minecraft:stone_pickaxe":1,"minecraft:wooden_pickaxe":3,"minecraft:quartz":7},"minecraft:custom":{"minecraft:mob_kills":21,"minecraft:interact_with_crafting_table":27,"minecraft:leave_game":1,"minecraft:time_since_death":25784,"minecraft:sprint_one_cm":276416,"minecraft:walk_one_cm":182828,"minecraft:drop":37,"minecraft:talked_to_villager":2,"minecraft:deaths":3,"minecraft:sneak_time":16614,"minecraft:walk_under_water_one_cm":8510,"minecraft:boat_one_cm":27714,"minecraft:jump":1744,"minecraft:walk_on_water_one_cm":16174,"minecraft:interact_with_furnace":53,"minecraft:play_one_minute":94624,"minecraft:sleep_in_bed":7,"minecraft:time_since_rest":22066,"minecraft:damage_taken":2471,"minecraft:damage_dealt":3293,"minecraft:swim_one_cm":12653,"minecraft:fly_one_cm":200468,"minecraft:open_chest":27,"minecraft:crouch_one_cm":62368,"minecraft:fall_one_cm":39417},"minecraft:broken":{"minecraft:iron_pickaxe":1},"minecraft:killed_by":{"minecraft:ghast":1,"minecraft:player":1},"minecraft:mined":{"minecraft:spruce_planks":10,"minecraft:grass_block":87,"minecraft:soul_soil":8,"minecraft:spruce_leaves":25,"minecraft:large_fern":17,"minecraft:furnace":3,"minecraft:iron_ore":92,"minecraft:fire":2,"minecraft:andesite":1,"minecraft:stone":195,"minecraft:soul_sand":2,"minecraft:soul_fire":1,"minecraft:dandelion":1,"minecraft:crafting_table":6,"minecraft:poppy":3,"minecraft:nether_quartz_ore":21,"minecraft:cobblestone":4,"minecraft:diorite":1,"minecraft:wall_torch":1,"minecraft:blue_bed":2,"minecraft:purple_bed":2,"minecraft:sweet_berry_bush":5,"minecraft:spruce_log":89,"minecraft:grass":2,"minecraft:coal_ore":38,"minecraft:gravel":1,"minecraft:sand":2,"minecraft:dirt":119,"minecraft:netherrack":53,"minecraft:fern":3},"minecraft:killed":{"minecraft:spider":2,"minecraft:skeleton":3,"minecraft:fox":1,"minecraft:magma_cube":2,"minecraft:pig":7,"minecraft:zombie":6,"minecraft:cow":1},"minecraft:picked_up":{"minecraft:crafting_table":7,"minecraft:iron_chestplate":2,"minecraft:leather_leggings":2,"minecraft:brown_mushroom":1,"minecraft:wooden_pickaxe":2,"minecraft:golden_sword":3,"minecraft:shield":2,"minecraft:string":2,"minecraft:soul_soil":19,"minecraft:iron_axe":1,"minecraft:iron_leggings":1,"minecraft:spruce_planks":17,"minecraft:beef":6,"minecraft:iron_nugget":16,"minecraft:poppy":3,"minecraft:iron_pickaxe":2,"minecraft:iron_boots":1,"minecraft:furnace":3,"minecraft:stick":41,"minecraft:torch":33,"minecraft:porkchop":24,"minecraft:diorite":1,"minecraft:stone_sword":1,"minecraft:arrow":7,"minecraft:rotten_flesh":4,"minecraft:cobblestone":216,"minecraft:leather_chestplate":6,"minecraft:leather":4,"minecraft:potato":2,"minecraft:filled_map":4,"minecraft:gunpowder":3,"minecraft:blue_bed":1,"minecraft:dirt":227,"minecraft:bone":4,"minecraft:bow":1,"minecraft:wheat_seeds":2,"minecraft:iron_ingot":21,"minecraft:cooked_chicken":1,"minecraft:iron_ore":110,"minecraft:iron_sword":1,"minecraft:soul_sand":1,"minecraft:cooked_porkchop":17,"minecraft:sweet_berries":9,"minecraft:quartz":21,"minecraft:dandelion":2,"minecraft:gravel":1,"minecraft:sand":1,"minecraft:spruce_sapling":1,"minecraft:spruce_log":88,"minecraft:spider_eye":1,"minecraft:leather_helmet":2,"minecraft:purple_bed":3,"minecraft:spruce_boat":3,"minecraft:stone_axe":1,"minecraft:iron_helmet":1,"minecraft:spruce_button":1,"minecraft:oak_sapling":20,"minecraft:netherrack":50,"minecraft:coal":85}},"DataVersion":2586}