{"stats":{"minecraft:killed":{"minecraft:spider":4,"minecraft:skeleton":8,"minecraft:fox":1,"minecraft:magma_cube":2,"minecraft:pig":7,"minecraft:zombie":15,"minecraft:cow":1},"minecraft:picked_up":{"minecraft:charcoal":6,"minecraft:iron_chestplate":2,"minecraft:crafting_table":8,"minecraft:wheat":13,"minecraft:leather_leggings":2,"minecraft:smithing_table":1,"minecraft:brown_mushroom":1,"minecraft:wooden_pickaxe":2,"minecraft:gold_block":1,"minecraft:stone_brick_stairs":4,"minecraft:shield":2,"minecraft:golden_sword":3,"minecraft:string":2,"minecraft:soul_soil":19,"minecraft:iron_axe":4,"minecraft:iron_leggings":1,"minecraft:spruce_planks":102,"minecraft:beef":6,"minecraft:iron_nugget":16,"minecraft:poppy":4,"minecraft:iron_pickaxe":2,"minecraft:spruce_slab":30,"minecraft:minecart":1,"minecraft:chest":2,"minecraft:furnace":5,"minecraft:iron_boots":1,"minecraft:stick":64,"minecraft:composter":1,"minecraft:torch":36,"minecraft:porkchop":24,"minecraft:diorite":1,"minecraft:stone_sword":1,"minecraft:arrow":13,"minecraft:rotten_flesh":19,"minecraft:shears":2,"minecraft:cobblestone":336,"minecraft:magma_block":20,"minecraft:leather_chestplate":6,"minecraft:leather":4,"minecraft:potato":2,"minecraft:filled_map":4,"minecraft:flint":1,"minecraft:oak_log":64,"minecraft:gunpowder":3,"minecraft:dirt":503,"minecraft:blue_bed":2,"minecraft:bone":11,"minecraft:stone_bricks":3,"minecraft:bow":1,"minecraft:wheat_seeds":34,"minecraft:bell":7,"minecraft:iron_ingot":51,"minecraft:grindstone":2,"minecraft:cooked_chicken":1,"minecraft:iron_ore":110,"minecraft:iron_sword":1,"minecraft:oak_planks":20,"minecraft:mossy_stone_brick_stairs":2,"minecraft:soul_sand":1,"minecraft:cooked_porkchop":17,"minecraft:sweet_berries":25,"minecraft:stone_brick_slab":3,"minecraft:quartz":21,"minecraft:dandelion":2,"minecraft:gravel":9,"minecraft:sand":4,"minecraft:stripped_spruce_log":2,"minecraft:spruce_sapling":41,"minecraft:spruce_log":172,"minecraft:spruce_door":2,"minecraft:mossy_stone_brick_slab":3,"minecraft:spider_eye":1,"minecraft:leather_helmet":2,"minecraft:purple_bed":6,"minecraft:spruce_boat":3,"minecraft:stone_axe":1,"minecraft:iron_helmet":1,"minecraft:spruce_sign":1,"minecraft:spruce_button":1,"minecraft:warped_roots":1,"minecraft:oak_sapling":20,"minecraft:netherrack":68,"minecraft:oak_leaves":550,"minecraft:coal":85,"minecraft:hopper":6},"minecraft:dropped":{"minecraft:iron_ingot":2,"minecraft:soul_sand":1,"minecraft:wheat_seeds":34,"minecraft:cooked_beef":6,"minecraft:minecart":1,"minecraft:crafting_table":1,"minecraft:cobblestone":118,"minecraft:warped_roots":1,"minecraft:leather":2,"minecraft:mossy_stone_brick_stairs":1,"minecraft:spruce_button":2,"minecraft:spruce_door":2,"minecraft:stick":1,"minecraft:flint":1,"minecraft:dirt":110,"minecraft:sand":3,"minecraft:iron_axe":3,"minecraft:string":2,"minecraft:spruce_sapling":40,"minecraft:dandelion":2,"minecraft:gravel":9,"minecraft:furnace":2,"minecraft:stone_axe":1,"minecraft:soul_soil":7,"minecraft:iron_nugget":13,"minecraft:stone_sword":1,"minecraft:rotten_flesh":8,"minecraft:shears":2,"minecraft:filled_map":3,"minecraft:poppy":3,"minecraft:leather_chestplate":2,"minecraft:spruce_boat":1,"minecraft:gunpowder":1,"minecraft:charcoal":4,"minecraft:hopper":1,"minecraft:oak_sapling":20,"minecraft:golden_sword":1,"minecraft:spider_eye":1,"minecraft:spruce_log":15,"minecraft:stone_pickaxe":1,"minecraft:wooden_pickaxe":3,"minecraft:magma_block":9,"minecraft:quartz":7,"minecraft:oak_leaves":297,"minecraft:netherrack":11},"minecraft:used":{"minecraft:stone_sword":88,"minecraft:iron_shovel":450,"minecraft:spruce_slab":333,"minecraft:poppy":1,"minecraft:chest":1,"minecraft:spruce_planks":424,"minecraft:shield":43,"minecraft:iron_sword":92,"minecraft:bell":7,"minecraft:cooked_chicken":1,"minecraft:mossy_stone_brick_slab":2,"minecraft:rotten_flesh":2,"minecraft:netherrack":46,"minecraft:torch":62,"minecraft:dirt":372,"minecraft:hopper":5,"minecraft:stripped_spruce_log":1,"minecraft:stone_brick_slab":2,"minecraft:iron_axe":335,"minecraft:stone_brick_stairs":4,"minecraft:stone_bricks":3,"minecraft:magma_block":11,"minecraft:sweet_berries":30,"minecraft:soul_soil":12,"minecraft:furnace":6,"minecraft:gold_block":1,"minecraft:cooked_beef":6,"minecraft:potato":2,"minecraft:diorite":1,"minecraft:spruce_door":3,"minecraft:baked_potato":7,"minecraft:stone_pickaxe":126,"minecraft:wooden_pickaxe":4,"minecraft:mossy_stone_brick_stairs":1,"minecraft:spruce_sign":7,"minecraft:blue_bed":2,"minecraft:oak_leaves":149,"minecraft:sand":1,"minecraft:crafting_table":7,"minecraft:spruce_log":13,"minecraft:shears":14,"minecraft:bread":1,"minecraft:iron_pickaxe":412,"minecraft:spruce_sapling":1,"minecraft:stone_axe":22,"minecraft:purple_bed":5,"minecraft:cobblestone":116,"minecraft:grindstone":2,"minecraft:cooked_porkchop":21,"minecraft:smithing_table":1},"minecraft:broken":{"minecraft:iron_shovel":1,"minecraft:iron_axe":1,"minecraft:iron_pickaxe":1},"minecraft:custom":{"minecraft:mob_kills":37,"minecraft:inspect_hopper":1,"minecraft:interact_with_crafting_table":37,"minecraft:bell_ring":96,"minecraft:leave_game":5,"minecraft:time_since_death":126441,"minecraft:sprint_one_cm":518560,"minecraft:walk_one_cm":442521,"minecraft:drop":80,"minecraft:talked_to_villager":2,"minecraft:deaths":3,"minecraft:sneak_time":29164,"minecraft:walk_under_water_one_cm":10105,"minecraft:boat_one_cm":27714,"minecraft:jump":2814,"minecraft:walk_on_water_one_cm":20552,"minecraft:interact_with_furnace":64,"minecraft:play_one_minute":195281,"minecraft:sleep_in_bed":7,"minecraft:time_since_rest":122723,"minecraft:damage_taken":3589,"minecraft:damage_dealt":7534,"minecraft:player_kills":3,"minecraft:swim_one_cm":12653,"minecraft:fly_one_cm":316922,"minecraft:open_chest":37,"minecraft:crouch_one_cm":117617,"minecraft:fall_one_cm":61638},"minecraft:mined":{"minecraft:spruce_planks":97,"minecraft:mossy_stone_brick_slab":3,"minecraft:grass_block":236,"minecraft:soul_soil":8,"minecraft:spruce_leaves":54,"minecraft:composter":1,"minecraft:hopper":1,"minecraft:large_fern":29,"minecraft:magma_block":19,"minecraft:furnace":4,"minecraft:iron_ore":92,"minecraft:fire":2,"minecraft:andesite":1,"minecraft:stripped_spruce_log":2,"minecraft:gold_block":1,"minecraft:bell":7,"minecraft:mossy_stone_brick_stairs":1,"minecraft:stone":258,"minecraft:spruce_slab":21,"minecraft:smithing_table":1,"minecraft:soul_sand":2,"minecraft:soul_fire":1,"minecraft:stone_brick_slab":3,"minecraft:dandelion":1,"minecraft:spruce_door":1,"minecraft:crafting_table":7,"minecraft:torch":1,"minecraft:poppy":3,"minecraft:campfire":3,"minecraft:nether_quartz_ore":21,"minecraft:cobblestone":13,"minecraft:grindstone":2,"minecraft:oak_planks":6,"minecraft:blue_bed":3,"minecraft:wall_torch":2,"minecraft:diorite":1,"minecraft:purple_bed":5,"minecraft:wheat":13,"minecraft:sweet_berry_bush":16,"minecraft:spruce_log":157,"minecraft:stone_brick_stairs":4,"minecraft:grass_path":2,"minecraft:grass":3,"minecraft:coal_ore":38,"minecraft:gravel":8,"minecraft:dirt":181,"minecraft:sand":5,"minecraft:stone_bricks":3,"minecraft:netherrack":61,"minecraft:oak_leaves":18,"minecraft:fern":7},"minecraft:killed_by":{"minecraft:ghast":1,"minecraft:player":1},"minecraft:crafted":{"minecraft:spruce_button":1,"minecraft:furnace":1,"minecraft:iron_boots":1,"minecraft:iron_axe":2,"minecraft:spruce_slab":384,"minecraft:stone_pickaxe":1,"minecraft:cooked_beef":12,"minecraft:spruce_sign":6,"minecraft:cooked_porkchop":23,"minecraft:crafting_table":3,"minecraft:spruce_planks":608,"minecraft:iron_helmet":1,"minecraft:baked_potato":7,"minecraft:wooden_pickaxe":1,"minecraft:iron_sword":1,"minecraft:spruce_door":3,"minecraft:stone_axe":1,"minecraft:air":0,"minecraft:iron_chestplate":1,"minecraft:shield":1,"minecraft:stick":44,"minecraft:iron_ingot":56,"minecraft:iron_pickaxe":1,"minecraft:stone_sword":1,"minecraft:iron_shovel":2,"minecraft:iron_leggings":1,"minecraft:gold_ingot":9,"minecraft:torch":64}},"DataVersion":2586}