{"stats":{"minecraft:crafted":{"minecraft:spruce_button":1,"minecraft:furnace":1,"minecraft:iron_boots":1,"minecraft:iron_axe":2,"minecraft:spruce_slab":384,"minecraft:stone_pickaxe":1,"minecraft:cooked_beef":12,"minecraft:cooked_porkchop":17,"minecraft:crafting_table":2,"minecraft:spruce_planks":608,"minecraft:baked_potato":7,"minecraft:wooden_pickaxe":1,"minecraft:iron_helmet":1,"minecraft:iron_sword":1,"minecraft:spruce_door":3,"minecraft:stone_axe":1,"minecraft:air":0,"minecraft:iron_chestplate":1,"minecraft:shield":1,"minecraft:stick":40,"minecraft:iron_ingot":56,"minecraft:iron_pickaxe":1,"minecraft:stone_sword":1,"minecraft:iron_shovel":2,"minecraft:iron_leggings":1,"minecraft:gold_ingot":9,"minecraft:torch":64},"minecraft:used":{"minecraft:stone_sword":88,"minecraft:iron_shovel":333,"minecraft:spruce_slab":333,"minecraft:poppy":1,"minecraft:spruce_planks":410,"minecraft:shield":22,"minecraft:iron_sword":33,"minecraft:bell":5,"minecraft:rotten_flesh":2,"minecraft:cooked_chicken":1,"minecraft:netherrack":46,"minecraft:torch":60,"minecraft:dirt":278,"minecraft:stripped_spruce_log":1,"minecraft:iron_axe":312,"minecraft:sweet_berries":26,"minecraft:soul_soil":12,"minecraft:furnace":6,"minecraft:cooked_beef":6,"minecraft:potato":2,"minecraft:diorite":1,"minecraft:spruce_door":3,"minecraft:stone_pickaxe":126,"minecraft:baked_potato":2,"minecraft:wooden_pickaxe":4,"minecraft:sand":1,"minecraft:crafting_table":6,"minecraft:spruce_log":13,"minecraft:bread":1,"minecraft:iron_pickaxe":299,"minecraft:spruce_sapling":1,"minecraft:stone_axe":22,"minecraft:cobblestone":34,"minecraft:purple_bed":2,"minecraft:cooked_porkchop":15},"minecraft:dropped":{"minecraft:iron_ingot":2,"minecraft:soul_sand":1,"minecraft:wheat_seeds":3,"minecraft:cooked_beef":6,"minecraft:leather":2,"minecraft:spruce_button":2,"minecraft:spruce_door":2,"minecraft:stick":1,"minecraft:dirt":55,"minecraft:iron_axe":1,"minecraft:string":2,"minecraft:dandelion":2,"minecraft:stone_axe":1,"minecraft:soul_soil":7,"minecraft:iron_nugget":13,"minecraft:stone_sword":1,"minecraft:rotten_flesh":4,"minecraft:filled_map":3,"minecraft:poppy":2,"minecraft:leather_chestplate":2,"minecraft:spruce_boat":1,"minecraft:gunpowder":1,"minecraft:oak_sapling":20,"minecraft:golden_sword":1,"minecraft:spider_eye":1,"minecraft:stone_pickaxe":1,"minecraft:wooden_pickaxe":3,"minecraft:quartz":7},"minecraft:custom":{"minecraft:mob_kills":24,"minecraft:interact_with_crafting_table":32,"minecraft:bell_ring":60,"minecraft:leave_game":1,"minecraft:time_since_death":79784,"minecraft:sprint_one_cm":415583,"minecraft:walk_one_cm":320895,"minecraft:drop":46,"minecraft:talked_to_villager":2,"minecraft:deaths":3,"minecraft:sneak_time":25241,"minecraft:walk_under_water_one_cm":10105,"minecraft:boat_one_cm":27714,"minecraft:jump":2349,"minecraft:walk_on_water_one_cm":20552,"minecraft:interact_with_furnace":55,"minecraft:play_one_minute":148624,"minecraft:sleep_in_bed":7,"minecraft:time_since_rest":76066,"minecraft:damage_taken":2627,"minecraft:damage_dealt":3914,"minecraft:swim_one_cm":12653,"minecraft:fly_one_cm":276517,"minecraft:open_chest":31,"minecraft:crouch_one_cm":105575,"minecraft:fall_one_cm":52688},"minecraft:broken":{"minecraft:iron_shovel":1,"minecraft:iron_axe":1,"minecraft:iron_pickaxe":1},"minecraft:killed_by":{"minecraft:ghast":1,"minecraft:player":1},"minecraft:mined":{"minecraft:spruce_planks":96,"minecraft:grass_block":210,"minecraft:soul_soil":8,"minecraft:spruce_leaves":48,"minecraft:composter":1,"minecraft:large_fern":21,"minecraft:furnace":4,"minecraft:iron_ore":92,"minecraft:fire":2,"minecraft:andesite":1,"minecraft:stripped_spruce_log":2,"minecraft:bell":6,"minecraft:stone":195,"minecraft:spruce_slab":21,"minecraft:smithing_table":1,"minecraft:soul_sand":2,"minecraft:soul_fire":1,"minecraft:spruce_door":1,"minecraft:dandelion":1,"minecraft:crafting_table":6,"minecraft:torch":1,"minecraft:poppy":3,"minecraft:campfire":3,"minecraft:nether_quartz_ore":21,"minecraft:cobblestone":10,"minecraft:grindstone":2,"minecraft:diorite":1,"minecraft:wall_torch":2,"minecraft:blue_bed":3,"minecraft:purple_bed":4,"minecraft:wheat":13,"minecraft:sweet_berry_bush":13,"minecraft:spruce_log":146,"minecraft:grass":2,"minecraft:coal_ore":38,"minecraft:gravel":1,"minecraft:sand":5,"minecraft:dirt":131,"minecraft:netherrack":53,"minecraft:fern":6},"minecraft:killed":{"minecraft:spider":3,"minecraft:skeleton":4,"minecraft:fox":1,"minecraft:magma_cube":2,"minecraft:pig":7,"minecraft:zombie":7,"minecraft:cow":1},"minecraft:picked_up":{"minecraft:charcoal":6,"minecraft:crafting_table":7,"minecraft:iron_chestplate":2,"minecraft:wheat":13,"minecraft:smithing_table":1,"minecraft:leather_leggings":2,"minecraft:brown_mushroom":1,"minecraft:wooden_pickaxe":2,"minecraft:golden_sword":3,"minecraft:shield":2,"minecraft:string":2,"minecraft:soul_soil":19,"minecraft:iron_axe":1,"minecraft:iron_leggings":1,"minecraft:spruce_planks":101,"minecraft:beef":6,"minecraft:iron_nugget":16,"minecraft:poppy":3,"minecraft:iron_pickaxe":2,"minecraft:spruce_slab":30,"minecraft:iron_boots":1,"minecraft:furnace":4,"minecraft:stick":54,"minecraft:composter":1,"minecraft:torch":35,"minecraft:porkchop":24,"minecraft:diorite":1,"minecraft:stone_sword":1,"minecraft:arrow":9,"minecraft:rotten_flesh":6,"minecraft:cobblestone":220,"minecraft:leather_chestplate":6,"minecraft:leather":4,"minecraft:potato":2,"minecraft:filled_map":4,"minecraft:gunpowder":3,"minecraft:blue_bed":2,"minecraft:dirt":398,"minecraft:bone":5,"minecraft:bow":1,"minecraft:wheat_seeds":34,"minecraft:bell":6,"minecraft:grindstone":2,"minecraft:iron_ingot":21,"minecraft:cooked_chicken":1,"minecraft:iron_ore":110,"minecraft:iron_sword":1,"minecraft:soul_sand":1,"minecraft:cooked_porkchop":17,"minecraft:sweet_berries":22,"minecraft:quartz":21,"minecraft:dandelion":2,"minecraft:gravel":1,"minecraft:sand":4,"minecraft:stripped_spruce_log":2,"minecraft:spruce_sapling":39,"minecraft:spruce_log":145,"minecraft:spruce_door":2,"minecraft:spider_eye":1,"minecraft:leather_helmet":2,"minecraft:purple_bed":5,"minecraft:spruce_boat":3,"minecraft:stone_axe":1,"minecraft:iron_helmet":1,"minecraft:spruce_button":1,"minecraft:oak_sapling":20,"minecraft:netherrack":50,"minecraft:coal":85}},"DataVersion":2586}