{"stats":{"minecraft:crafted":{"minecraft:cooked_porkchop":17,"minecraft:crafting_table":1,"minecraft:spruce_planks":76,"minecraft:spruce_button":1,"minecraft:iron_helmet":1,"minecraft:wooden_pickaxe":1,"minecraft:iron_sword":1,"minecraft:furnace":1,"minecraft:stone_axe":1,"minecraft:air":0,"minecraft:iron_boots":1,"minecraft:iron_chestplate":1,"minecraft:shield":1,"minecraft:stick":40,"minecraft:iron_ingot":51,"minecraft:iron_pickaxe":1,"minecraft:stone_pickaxe":1,"minecraft:stone_sword":1,"minecraft:iron_leggings":1,"minecraft:torch":32},"minecraft:used":{"minecraft:diorite":1,"minecraft:stone_sword":88,"minecraft:stone_pickaxe":126,"minecraft:poppy":1,"minecraft:iron_sword":5,"minecraft:wooden_pickaxe":4,"minecraft:spruce_planks":42,"minecraft:shield":20,"minecraft:netherrack":46,"minecraft:cooked_chicken":1,"minecraft:rotten_flesh":2,"minecraft:torch":27,"minecraft:dirt":10,"minecraft:sand":1,"minecraft:crafting_table":5,"minecraft:iron_pickaxe":159,"minecraft:spruce_sapling":1,"minecraft:soul_soil":12,"minecraft:stone_axe":22,"minecraft:purple_bed":2,"minecraft:cobblestone":34,"minecraft:sweet_berries":12,"minecraft:furnace":5,"minecraft:cooked_porkchop":15,"minecraft:potato":2},"minecraft:dropped":{"minecraft:iron_ingot":2,"minecraft:stone_axe":1,"minecraft:soul_sand":1,"minecraft:soul_soil":7,"minecraft:wheat_seeds":1,"minecraft:iron_nugget":7,"minecraft:stone_sword":1,"minecraft:rotten_flesh":2,"minecraft:leather":2,"minecraft:spruce_button":2,"minecraft:stick":1,"minecraft:filled_map":3,"minecraft:leather_chestplate":2,"minecraft:dirt":18,"minecraft:spruce_boat":1,"minecraft:gunpowder":1,"minecraft:oak_sapling":20,"minecraft:golden_sword":1,"minecraft:spider_eye":1,"minecraft:wooden_pickaxe":3,"minecraft:stone_pickaxe":1,"minecraft:string":2,"minecraft:quartz":7,"minecraft:dandelion":2},"minecraft:custom":{"minecraft:interact_with_furnace":49,"minecraft:mob_kills":21,"minecraft:interact_with_crafting_table":21,"minecraft:play_one_minute":70624,"minecraft:leave_game":1,"minecraft:time_since_death":1784,"minecraft:sleep_in_bed":6,"minecraft:time_since_rest":1878,"minecraft:sprint_one_cm":233156,"minecraft:damage_taken":2324,"minecraft:walk_one_cm":139010,"minecraft:drop":34,"minecraft:damage_dealt":3283,"minecraft:swim_one_cm":12653,"minecraft:fly_one_cm":169403,"minecraft:open_chest":16,"minecraft:crouch_one_cm":40741,"minecraft:deaths":3,"minecraft:sneak_time":11460,"minecraft:walk_under_water_one_cm":8510,"minecraft:boat_one_cm":27714,"minecraft:jump":1372,"minecraft:walk_on_water_one_cm":15764,"minecraft:fall_one_cm":33051},"minecraft:killed_by":{"minecraft:ghast":1,"minecraft:player":1},"minecraft:mined":{"minecraft:soul_sand":2,"minecraft:soul_fire":1,"minecraft:dandelion":1,"minecraft:crafting_table":6,"minecraft:grass_block":4,"minecraft:poppy":1,"minecraft:nether_quartz_ore":21,"minecraft:soul_soil":8,"minecraft:cobblestone":4,"minecraft:spruce_leaves":9,"minecraft:diorite":1,"minecraft:blue_bed":1,"minecraft:wall_torch":1,"minecraft:large_fern":10,"minecraft:purple_bed":2,"minecraft:furnace":3,"minecraft:fire":2,"minecraft:iron_ore":92,"minecraft:sweet_berry_bush":5,"minecraft:spruce_log":18,"minecraft:andesite":1,"minecraft:grass":2,"minecraft:coal_ore":38,"minecraft:dirt":7,"minecraft:sand":2,"minecraft:stone":75,"minecraft:netherrack":49,"minecraft:fern":3},"minecraft:killed":{"minecraft:magma_cube":2,"minecraft:pig":7,"minecraft:spider":2,"minecraft:skeleton":2,"minecraft:zombie":6,"minecraft:fox":1,"minecraft:cow":1},"minecraft:picked_up":{"minecraft:iron_chestplate":2,"minecraft:crafting_table":7,"minecraft:leather_chestplate":6,"minecraft:leather_leggings":2,"minecraft:leather":4,"minecraft:brown_mushroom":1,"minecraft:wooden_pickaxe":2,"minecraft:potato":2,"minecraft:filled_map":4,"minecraft:shield":2,"minecraft:golden_sword":3,"minecraft:gunpowder":3,"minecraft:dirt":28,"minecraft:string":2,"minecraft:iron_axe":1,"minecraft:soul_soil":19,"minecraft:iron_leggings":1,"minecraft:bone":4,"minecraft:bow":1,"minecraft:wheat_seeds":1,"minecraft:spruce_planks":7,"minecraft:iron_ingot":21,"minecraft:beef":6,"minecraft:cooked_chicken":1,"minecraft:iron_ore":110,"minecraft:poppy":1,"minecraft:iron_nugget":16,"minecraft:iron_pickaxe":2,"minecraft:iron_sword":1,"minecraft:soul_sand":1,"minecraft:iron_boots":1,"minecraft:furnace":3,"minecraft:stick":38,"minecraft:cooked_porkchop":17,"minecraft:sweet_berries":9,"minecraft:quartz":21,"minecraft:torch":33,"minecraft:dandelion":2,"minecraft:porkchop":24,"minecraft:sand":1,"minecraft:spruce_sapling":1,"minecraft:diorite":1,"minecraft:spruce_log":19,"minecraft:leather_helmet":2,"minecraft:spider_eye":1,"minecraft:stone_axe":1,"minecraft:stone_sword":1,"minecraft:arrow":7,"minecraft:purple_bed":3,"minecraft:rotten_flesh":4,"minecraft:spruce_boat":3,"minecraft:iron_helmet":1,"minecraft:spruce_button":1,"minecraft:oak_sapling":20,"minecraft:netherrack":46,"minecraft:coal":85,"minecraft:cobblestone":96}},"DataVersion":2586}