{"stats":{"minecraft:crafted":{"minecraft:golden_carrot":8,"minecraft:oak_planks":4,"minecraft:cooked_chicken":1,"minecraft:furnace":6,"minecraft:cooked_mutton":19,"minecraft:diamond_leggings":1,"minecraft:diamond_helmet":1,"minecraft:iron_boots":1,"minecraft:iron_axe":1,"minecraft:stone_pickaxe":1,"minecraft:diamond_boots":1,"minecraft:spruce_boat":2,"minecraft:golden_boots":1,"minecraft:cooked_beef":8,"minecraft:diamond_sword":4,"minecraft:cooked_porkchop":7,"minecraft:crafting_table":8,"minecraft:spruce_planks":156,"minecraft:enchanting_table":1,"minecraft:iron_helmet":1,"minecraft:wooden_pickaxe":1,"minecraft:iron_sword":2,"minecraft:stone_axe":1,"minecraft:air":0,"minecraft:bread":1,"minecraft:golden_apple":3,"minecraft:book":1,"minecraft:iron_chestplate":1,"minecraft:diamond_pickaxe":1,"minecraft:gold_nugget":81,"minecraft:shield":1,"minecraft:stick":20,"minecraft:iron_ingot":74,"minecraft:iron_pickaxe":1,"minecraft:iron_block":3,"minecraft:iron_leggings":1,"minecraft:gold_ingot":15,"minecraft:anvil":1,"minecraft:diamond_chestplate":1},"minecraft:used":{"minecraft:enchanting_table":1,"minecraft:flint_and_steel":13,"minecraft:chest":4,"minecraft:spruce_planks":62,"minecraft:shield":35,"minecraft:iron_sword":313,"minecraft:rotten_flesh":12,"minecraft:netherrack":522,"minecraft:soul_sand":2,"minecraft:dirt":21,"minecraft:anvil":2,"minecraft:nether_bricks":13,"minecraft:carrot":5,"minecraft:golden_shovel":46,"minecraft:obsidian":12,"minecraft:spruce_boat":4,"minecraft:iron_axe":56,"minecraft:warped_nylium":6,"minecraft:basalt":116,"minecraft:bow":3,"minecraft:golden_carrot":4,"minecraft:soul_soil":19,"minecraft:sweet_berries":69,"minecraft:furnace":7,"minecraft:cooked_beef":9,"minecraft:potato":4,"minecraft:stone_pickaxe":67,"minecraft:blackstone":5,"minecraft:wooden_pickaxe":7,"minecraft:blue_bed":4,"minecraft:sand":7,"minecraft:crafting_table":13,"minecraft:white_bed":1,"minecraft:diamond_pickaxe":1277,"minecraft:bread":8,"minecraft:iron_pickaxe":34,"minecraft:gravel":2,"minecraft:stone_axe":104,"minecraft:diamond_sword":208,"minecraft:cobblestone":141,"minecraft:cooked_porkchop":9,"minecraft:andesite":8},"minecraft:dropped":{"minecraft:golden_boots":1,"minecraft:iron_ingot":12,"minecraft:iron_sword":2,"minecraft:porkchop":8,"minecraft:warped_fungus":2,"minecraft:cooked_porkchop":21,"minecraft:iron_helmet":2,"minecraft:warped_roots":25,"minecraft:iron_horse_armor":1,"minecraft:coal":3,"minecraft:leather_helmet":1,"minecraft:flint":7,"minecraft:stick":18,"minecraft:gold_block":1,"minecraft:dirt":1,"minecraft:golden_carrot":8,"minecraft:torch":14,"minecraft:cooked_cod":4,"minecraft:iron_leggings":3,"minecraft:gold_nugget":19,"minecraft:heart_of_the_sea":1,"minecraft:iron_axe":1,"minecraft:iron_pickaxe":1,"minecraft:dandelion":1,"minecraft:bone":1,"minecraft:stone_axe":1,"minecraft:warped_nylium":1,"minecraft:iron_nugget":29,"minecraft:cooked_chicken":1,"minecraft:golden_chestplate":1,"minecraft:nether_wart":49,"minecraft:oak_planks":2,"minecraft:iron_boots":2,"minecraft:name_tag":2,"minecraft:nether_brick_fence":3,"minecraft:filled_map":2,"minecraft:leather_chestplate":3,"minecraft:potato":2,"minecraft:shield":1,"minecraft:spruce_planks":35,"minecraft:iron_chestplate":2,"minecraft:oak_sapling":10,"minecraft:golden_sword":1,"minecraft:leather_leggings":1,"minecraft:wooden_pickaxe":2,"minecraft:bow":5,"minecraft:basalt":2,"minecraft:arrow":4,"minecraft:stone_pickaxe":1,"minecraft:crying_obsidian":1,"minecraft:netherrack":106},"minecraft:custom":{"minecraft:interact_with_anvil":5,"minecraft:mob_kills":162,"minecraft:interact_with_crafting_table":61,"minecraft:leave_game":13,"minecraft:time_since_death":165635,"minecraft:climb_one_cm":228,"minecraft:sprint_one_cm":839725,"minecraft:walk_one_cm":554451,"minecraft:drop":92,"minecraft:deaths":1,"minecraft:sneak_time":23601,"minecraft:walk_under_water_one_cm":6509,"minecraft:boat_one_cm":38338,"minecraft:jump":505,"minecraft:walk_on_water_one_cm":12585,"minecraft:enchant_item":12,"minecraft:interact_with_furnace":53,"minecraft:play_one_minute":169767,"minecraft:sleep_in_bed":3,"minecraft:time_since_rest":114887,"minecraft:damage_taken":2417,"minecraft:damage_dealt":28154,"minecraft:player_kills":1,"minecraft:swim_one_cm":22156,"minecraft:fly_one_cm":74881,"minecraft:open_chest":61,"minecraft:crouch_one_cm":89179,"minecraft:fall_one_cm":11174},"minecraft:broken":{"minecraft:golden_shovel":1,"minecraft:stone_axe":1,"minecraft:iron_sword":1},"minecraft:mined":{"minecraft:white_bed":1,"minecraft:nether_gold_ore":14,"minecraft:diamond_ore":32,"minecraft:crying_obsidian":1,"minecraft:spruce_planks":4,"minecraft:obsidian":15,"minecraft:granite":2,"minecraft:nether_bricks":13,"minecraft:grass_block":9,"minecraft:spruce_leaves":30,"minecraft:nether_wart":22,"minecraft:large_fern":9,"minecraft:magma_block":2,"minecraft:furnace":7,"minecraft:nether_sprouts":2,"minecraft:iron_ore":11,"minecraft:fire":23,"minecraft:andesite":22,"minecraft:anvil":1,"minecraft:enchanting_table":1,"minecraft:gold_block":2,"minecraft:nether_brick_fence":3,"minecraft:stone":255,"minecraft:blackstone":5,"minecraft:soul_sand":32,"minecraft:soul_fire":8,"minecraft:basalt":170,"minecraft:crafting_table":6,"minecraft:emerald_ore":1,"minecraft:warped_roots":6,"minecraft:chest":12,"minecraft:cobblestone":15,"minecraft:lapis_ore":1,"minecraft:diorite":3,"minecraft:blue_bed":4,"minecraft:warped_nylium":17,"minecraft:sweet_berry_bush":20,"minecraft:spruce_log":58,"minecraft:warped_fungus":1,"minecraft:coal_ore":10,"minecraft:gravel":2,"minecraft:sand":4,"minecraft:dirt":22,"minecraft:netherrack":724,"minecraft:chipped_anvil":1,"minecraft:fern":3},"minecraft:killed":{"minecraft:spider":4,"minecraft:skeleton":18,"minecraft:chicken":1,"minecraft:magma_cube":38,"minecraft:piglin":4,"minecraft:pig":4,"minecraft:iron_golem":1,"minecraft:creeper":1,"minecraft:zombie":10,"minecraft:ghast":1,"minecraft:wither_skeleton":20,"minecraft:enderman":23,"minecraft:blaze":26,"minecraft:cow":5},"minecraft:picked_up":{"minecraft:fishing_rod":3,"minecraft:crafting_table":5,"minecraft:iron_chestplate":3,"minecraft:anvil":1,"minecraft:nether_brick_fence":3,"minecraft:chicken":1,"minecraft:nether_wart":90,"minecraft:suspicious_stew":1,"minecraft:brown_mushroom":1,"minecraft:wooden_pickaxe":1,"minecraft:gold_block":3,"minecraft:shield":3,"minecraft:string":9,"minecraft:soul_soil":19,"minecraft:iron_axe":3,"minecraft:large_fern":1,"minecraft:iron_leggings":4,"minecraft:compass":1,"minecraft:blackstone":5,"minecraft:gold_nugget":71,"minecraft:bucket":2,"minecraft:spruce_planks":50,"minecraft:beef":20,"minecraft:iron_nugget":15,"minecraft:iron_pickaxe":3,"minecraft:chest":8,"minecraft:iron_boots":3,"minecraft:furnace":7,"minecraft:stick":19,"minecraft:torch":22,"minecraft:porkchop":16,"minecraft:diorite":3,"minecraft:golden_chestplate":1,"minecraft:iron_horse_armor":2,"minecraft:tnt":1,"minecraft:cooked_cod":8,"minecraft:arrow":18,"minecraft:rotten_flesh":12,"minecraft:nether_bricks":13,"minecraft:gold_ingot":19,"minecraft:blaze_rod":14,"minecraft:mutton":19,"minecraft:obsidian":23,"minecraft:cobblestone":268,"minecraft:enchanting_table":1,"minecraft:magma_block":2,"minecraft:cooked_beef":7,"minecraft:feather":2,"minecraft:basalt":165,"minecraft:golden_carrot":8,"minecraft:andesite":23,"minecraft:leather":11,"minecraft:potato":13,"minecraft:filled_map":2,"minecraft:flint":10,"minecraft:oak_log":29,"minecraft:wither_skeleton_skull":1,"minecraft:lapis_lazuli":48,"minecraft:dirt":32,"minecraft:blue_bed":4,"minecraft:paper":13,"minecraft:name_tag":4,"minecraft:bone":46,"minecraft:chipped_anvil":1,"minecraft:bow":6,"minecraft:wheat_seeds":1,"minecraft:heart_of_the_sea":2,"minecraft:iron_ingot":40,"minecraft:stone_pickaxe":1,"minecraft:iron_ore":11,"minecraft:oak_planks":10,"minecraft:iron_sword":2,"minecraft:soul_sand":33,"minecraft:book":1,"minecraft:warped_fungus":2,"minecraft:cooked_porkchop":35,"minecraft:sweet_berries":33,"minecraft:quartz":14,"minecraft:dandelion":1,"minecraft:gravel":2,"minecraft:sand":7,"minecraft:spruce_sapling":11,"minecraft:white_bed":2,"minecraft:spruce_log":77,"minecraft:crying_obsidian":1,"minecraft:diamond":42,"minecraft:spruce_boat":2,"minecraft:stone_axe":2,"minecraft:iron_helmet":3,"minecraft:bread":36,"minecraft:golden_horse_armor":1,"minecraft:warped_roots":25,"minecraft:netherrack":790,"minecraft:warped_nylium":8,"minecraft:coal":69,"minecraft:diamond_pickaxe":1,"minecraft:ender_pearl":13}},"DataVersion":2586}