{"stats":{"minecraft:crafted":{"minecraft:cooked_beef":2,"minecraft:cooked_porkchop":5,"minecraft:crafting_table":4,"minecraft:spruce_planks":60,"minecraft:iron_helmet":1,"minecraft:cooked_chicken":1,"minecraft:wooden_pickaxe":1,"minecraft:iron_sword":1,"minecraft:furnace":2,"minecraft:stone_axe":1,"minecraft:bread":1,"minecraft:air":0,"minecraft:iron_chestplate":1,"minecraft:iron_boots":1,"minecraft:diamond_pickaxe":1,"minecraft:shield":1,"minecraft:iron_axe":1,"minecraft:stick":12,"minecraft:iron_ingot":30,"minecraft:iron_pickaxe":1,"minecraft:stone_pickaxe":1,"minecraft:iron_leggings":1,"minecraft:spruce_boat":1},"minecraft:used":{"minecraft:flint_and_steel":2,"minecraft:stone_pickaxe":67,"minecraft:chest":2,"minecraft:wooden_pickaxe":7,"minecraft:spruce_planks":19,"minecraft:shield":1,"minecraft:iron_sword":13,"minecraft:blue_bed":4,"minecraft:netherrack":4,"minecraft:rotten_flesh":12,"minecraft:dirt":21,"minecraft:sand":7,"minecraft:crafting_table":7,"minecraft:obsidian":5,"minecraft:spruce_boat":2,"minecraft:diamond_pickaxe":55,"minecraft:iron_axe":16,"minecraft:bread":3,"minecraft:iron_pickaxe":34,"minecraft:gravel":2,"minecraft:stone_axe":104,"minecraft:cobblestone":59,"minecraft:sweet_berries":18,"minecraft:furnace":3,"minecraft:cooked_porkchop":1,"minecraft:andesite":8,"minecraft:cooked_beef":2,"minecraft:potato":4},"minecraft:dropped":{"minecraft:iron_ingot":1,"minecraft:stone_axe":1,"minecraft:iron_nugget":17,"minecraft:cooked_chicken":1,"minecraft:leather_helmet":1,"minecraft:filled_map":2,"minecraft:dirt":1,"minecraft:leather_chestplate":3,"minecraft:potato":2,"minecraft:oak_sapling":10,"minecraft:golden_sword":1,"minecraft:leather_leggings":1,"minecraft:wooden_pickaxe":2,"minecraft:stone_pickaxe":1,"minecraft:dandelion":1},"minecraft:custom":{"minecraft:interact_with_furnace":33,"minecraft:mob_kills":21,"minecraft:interact_with_crafting_table":27,"minecraft:play_one_minute":55079,"minecraft:leave_game":2,"minecraft:time_since_death":50947,"minecraft:sleep_in_bed":3,"minecraft:time_since_rest":199,"minecraft:sprint_one_cm":265251,"minecraft:damage_taken":667,"minecraft:walk_one_cm":137268,"minecraft:drop":21,"minecraft:damage_dealt":3631,"minecraft:player_kills":1,"minecraft:swim_one_cm":22156,"minecraft:fly_one_cm":62711,"minecraft:open_chest":17,"minecraft:crouch_one_cm":20374,"minecraft:deaths":1,"minecraft:sneak_time":6853,"minecraft:walk_under_water_one_cm":6509,"minecraft:boat_one_cm":29208,"minecraft:jump":469,"minecraft:walk_on_water_one_cm":7064,"minecraft:fall_one_cm":11174},"minecraft:broken":{"minecraft:stone_axe":1},"minecraft:mined":{"minecraft:spruce_planks":3,"minecraft:obsidian":3,"minecraft:crafting_table":4,"minecraft:grass_block":9,"minecraft:chest":2,"minecraft:cobblestone":7,"minecraft:spruce_leaves":29,"minecraft:blue_bed":4,"minecraft:large_fern":9,"minecraft:furnace":3,"minecraft:iron_ore":11,"minecraft:sweet_berry_bush":20,"minecraft:spruce_log":34,"minecraft:andesite":7,"minecraft:gold_block":1,"minecraft:coal_ore":10,"minecraft:gravel":2,"minecraft:sand":4,"minecraft:dirt":22,"minecraft:stone":86,"minecraft:netherrack":5,"minecraft:fern":3},"minecraft:killed":{"minecraft:pig":4,"minecraft:spider":2,"minecraft:iron_golem":1,"minecraft:skeleton":1,"minecraft:zombie":6,"minecraft:chicken":1,"minecraft:cow":5},"minecraft:picked_up":{"minecraft:crafting_table":3,"minecraft:feather":2,"minecraft:cooked_beef":1,"minecraft:chicken":1,"minecraft:andesite":8,"minecraft:leather":4,"minecraft:wooden_pickaxe":1,"minecraft:potato":13,"minecraft:filled_map":2,"minecraft:gold_block":1,"minecraft:dirt":32,"minecraft:blue_bed":4,"minecraft:string":2,"minecraft:large_fern":1,"minecraft:bone":2,"minecraft:wheat_seeds":1,"minecraft:spruce_planks":10,"minecraft:iron_ingot":8,"minecraft:beef":14,"minecraft:stone_pickaxe":1,"minecraft:iron_ore":11,"minecraft:iron_nugget":1,"minecraft:chest":2,"minecraft:furnace":3,"minecraft:stick":4,"minecraft:sweet_berries":33,"minecraft:dandelion":1,"minecraft:gravel":2,"minecraft:porkchop":6,"minecraft:sand":7,"minecraft:spruce_sapling":11,"minecraft:spruce_log":53,"minecraft:rotten_flesh":6,"minecraft:spruce_boat":1,"minecraft:stone_axe":2,"minecraft:bread":7,"minecraft:netherrack":5,"minecraft:obsidian":3,"minecraft:coal":20,"minecraft:cobblestone":95}},"DataVersion":2586}