{"stats":{"minecraft:custom":{"minecraft:mob_kills":148,"minecraft:interact_with_crafting_table":30,"minecraft:leave_game":2,"minecraft:time_since_death":141991,"minecraft:sprint_one_cm":684718,"minecraft:walk_one_cm":347173,"minecraft:drop":25,"minecraft:talked_to_villager":164,"minecraft:sneak_time":18361,"minecraft:walk_under_water_one_cm":1081,"minecraft:boat_one_cm":103015,"minecraft:jump":582,"minecraft:walk_on_water_one_cm":11880,"minecraft:interact_with_furnace":34,"minecraft:traded_with_villager":12,"minecraft:play_one_minute":141991,"minecraft:sleep_in_bed":1,"minecraft:time_since_rest":30422,"minecraft:damage_taken":1260,"minecraft:damage_dealt":19285,"minecraft:swim_one_cm":3163,"minecraft:fly_one_cm":81516,"minecraft:open_chest":7,"minecraft:crouch_one_cm":61769,"minecraft:fall_one_cm":13737},"minecraft:crafted":{"minecraft:oak_planks":24,"minecraft:furnace":2,"minecraft:iron_boots":1,"minecraft:iron_axe":1,"minecraft:stone_pickaxe":1,"minecraft:chest":1,"minecraft:spruce_boat":1,"minecraft:cooked_beef":26,"minecraft:wooden_shovel":1,"minecraft:emerald":12,"minecraft:cooked_porkchop":6,"minecraft:crafting_table":1,"minecraft:spruce_planks":288,"minecraft:wooden_pickaxe":1,"minecraft:iron_helmet":1,"minecraft:iron_sword":2,"minecraft:stone_axe":1,"minecraft:air":0,"minecraft:iron_chestplate":1,"minecraft:diamond_pickaxe":1,"minecraft:shield":1,"minecraft:stick":560,"minecraft:iron_pickaxe":1,"minecraft:iron_ingot":37,"minecraft:stone_sword":1,"minecraft:iron_leggings":1},"minecraft:mined":{"minecraft:blackstone_wall":1,"minecraft:obsidian":12,"minecraft:spruce_trapdoor":1,"minecraft:granite":7,"minecraft:grass_block":7,"minecraft:spruce_leaves":28,"minecraft:spawner":1,"minecraft:large_fern":1,"minecraft:furnace":1,"minecraft:iron_ore":46,"minecraft:fire":4,"minecraft:stone":75,"minecraft:spruce_slab":2,"minecraft:tripwire":2,"minecraft:glass_pane":1,"minecraft:spruce_door":1,"minecraft:crafting_table":4,"minecraft:blackstone_slab":1,"minecraft:lectern":53,"minecraft:cobblestone":43,"minecraft:sugar_cane":5,"minecraft:diorite":11,"minecraft:purple_bed":3,"minecraft:sweet_berry_bush":2,"minecraft:spruce_log":85,"minecraft:birch_leaves":1,"minecraft:grass_path":2,"minecraft:grass":4,"minecraft:black_wool":1,"minecraft:oak_log":6,"minecraft:coal_ore":27,"minecraft:dirt":28,"minecraft:cobweb":27,"minecraft:oak_leaves":8},"minecraft:dropped":{"minecraft:water_bucket":1,"minecraft:iron_ingot":2,"minecraft:wheat_seeds":1,"minecraft:diamond_axe":2,"minecraft:cooked_porkchop":3,"minecraft:cobblestone":4,"minecraft:leather":44,"minecraft:ink_sac":2,"minecraft:stone_axe":2,"minecraft:sugar_cane":12,"minecraft:stone_sword":1,"minecraft:obsidian":1,"minecraft:grindstone":2,"minecraft:iron_boots":2,"minecraft:wooden_shovel":1,"minecraft:spruce_log":10,"minecraft:wooden_pickaxe":1,"minecraft:stone_pickaxe":1},"minecraft:killed":{"minecraft:cave_spider":1,"minecraft:witch":1,"minecraft:spider":6,"minecraft:skeleton":12,"minecraft:chicken":15,"minecraft:llama":1,"minecraft:drowned":1,"minecraft:pig":27,"minecraft:hoglin":2,"minecraft:creeper":3,"minecraft:sheep":26,"minecraft:zombie":19,"minecraft:enderman":1,"minecraft:cow":31},"minecraft:broken":{"minecraft:iron_sword":1},"minecraft:used":{"minecraft:stone_sword":45,"minecraft:flint_and_steel":3,"minecraft:spruce_slab":3,"minecraft:chest":1,"minecraft:shield":11,"minecraft:iron_sword":414,"minecraft:wooden_shovel":2,"minecraft:dirt":67,"minecraft:granite":8,"minecraft:obsidian":9,"minecraft:spruce_boat":3,"minecraft:iron_axe":134,"minecraft:bow":3,"minecraft:beef":2,"minecraft:furnace":2,"minecraft:cooked_beef":21,"minecraft:water_bucket":2,"minecraft:diorite":15,"minecraft:stone_pickaxe":58,"minecraft:wooden_pickaxe":20,"minecraft:diamond_axe":12,"minecraft:crafting_table":5,"minecraft:diamond_pickaxe":132,"minecraft:black_wool":1,"minecraft:chicken":1,"minecraft:bread":1,"minecraft:string":2,"minecraft:iron_pickaxe":31,"minecraft:lectern":54,"minecraft:spruce_trapdoor":1,"minecraft:blackstone_slab":1,"minecraft:stone_axe":14,"minecraft:cobblestone":71,"minecraft:purple_bed":2,"minecraft:bucket":2},"minecraft:picked_up":{"minecraft:crafting_table":4,"minecraft:chicken":13,"minecraft:shield":1,"minecraft:string":52,"minecraft:flint_and_steel":1,"minecraft:beef":66,"minecraft:spruce_slab":3,"minecraft:lectern":55,"minecraft:sugar_cane":12,"minecraft:spruce_trapdoor":1,"minecraft:furnace":1,"minecraft:iron_boots":2,"minecraft:stick":2,"minecraft:porkchop":65,"minecraft:diorite":15,"minecraft:arrow":139,"minecraft:rotten_flesh":18,"minecraft:blackstone_wall":1,"minecraft:mutton":45,"minecraft:obsidian":14,"minecraft:white_wool":24,"minecraft:cobblestone":111,"minecraft:feather":13,"minecraft:cooked_beef":3,"minecraft:water_bucket":1,"minecraft:leather":45,"minecraft:blackstone_slab":1,"minecraft:potato":1,"minecraft:oak_log":6,"minecraft:gunpowder":2,"minecraft:dirt":68,"minecraft:bone":13,"minecraft:apple":1,"minecraft:bow":1,"minecraft:wheat_seeds":1,"minecraft:grindstone":2,"minecraft:iron_ingot":2,"minecraft:stone_pickaxe":1,"minecraft:iron_ore":46,"minecraft:sweet_berries":2,"minecraft:spruce_sapling":15,"minecraft:ink_sac":2,"minecraft:grass_block":1,"minecraft:spruce_log":82,"minecraft:spider_eye":2,"minecraft:purple_bed":3,"minecraft:diamond":3,"minecraft:spruce_boat":3,"minecraft:stone_axe":2,"minecraft:diamond_axe":2,"minecraft:granite":8,"minecraft:gray_wool":1,"minecraft:bread":1,"minecraft:black_wool":1,"minecraft:coal":41,"minecraft:ender_pearl":1}},"DataVersion":2586}