{"stats":{"minecraft:custom":{"minecraft:interact_with_crafting_table":100,"minecraft:leave_game":28,"minecraft:time_since_death":9071,"minecraft:sprint_one_cm":1769599,"minecraft:drop":107,"minecraft:talked_to_villager":540,"minecraft:deaths":12,"minecraft:jump":3338,"minecraft:walk_on_water_one_cm":24801,"minecraft:interact_with_furnace":95,"minecraft:traded_with_villager":66,"minecraft:play_one_minute":463150,"minecraft:sleep_in_bed":2,"minecraft:damage_dealt":72447,"minecraft:player_kills":4,"minecraft:crouch_one_cm":214041,"minecraft:horse_one_cm":49917,"minecraft:mob_kills":371,"minecraft:interact_with_anvil":18,"minecraft:climb_one_cm":2421,"minecraft:walk_one_cm":1085744,"minecraft:sneak_time":53562,"minecraft:walk_under_water_one_cm":7352,"minecraft:boat_one_cm":221269,"minecraft:time_since_rest":9111,"minecraft:damage_taken":15711,"minecraft:swim_one_cm":39587,"minecraft:fly_one_cm":4930710,"minecraft:open_chest":120,"minecraft:fall_one_cm":85251},"minecraft:mined":{"minecraft:obsidian":12,"minecraft:spruce_trapdoor":1,"minecraft:granite":16,"minecraft:chiseled_polished_blackstone":3,"minecraft:grass_block":12,"minecraft:cracked_polished_blackstone_bricks":24,"minecraft:nether_wart":11,"minecraft:gilded_blackstone":3,"minecraft:spawner":1,"minecraft:polished_blackstone_bricks":28,"minecraft:weeping_vines_plant":2,"minecraft:magma_block":3,"minecraft:glowstone":4,"minecraft:iron_ore":135,"minecraft:fire":23,"minecraft:fletching_table":3,"minecraft:anvil":1,"minecraft:iron_bars":3,"minecraft:iron_block":2,"minecraft:spruce_slab":2,"minecraft:tripwire":2,"minecraft:blackstone":99,"minecraft:crimson_nylium":4,"minecraft:poppy":1,"minecraft:chest":26,"minecraft:cobblestone":114,"minecraft:sugar_cane":5,"minecraft:oak_planks":5,"minecraft:wall_torch":2,"minecraft:nether_wart_block":4,"minecraft:infested_mossy_stone_bricks":1,"minecraft:grass":29,"minecraft:oak_log":432,"minecraft:dirt":51,"minecraft:netherrack":49,"minecraft:oak_leaves":95,"minecraft:blackstone_wall":1,"minecraft:end_stone":62,"minecraft:nether_bricks":6,"minecraft:crimson_roots":2,"minecraft:spruce_leaves":31,"minecraft:crimson_stem":2,"minecraft:large_fern":2,"minecraft:hay_block":1,"minecraft:redstone_ore":18,"minecraft:oak_trapdoor":1,"minecraft:furnace":14,"minecraft:nether_sprouts":1,"minecraft:andesite":64,"minecraft:gold_block":28,"minecraft:bookshelf":1,"minecraft:stone":601,"minecraft:oak_slab":6,"minecraft:glass_pane":2,"minecraft:soul_sand":33,"minecraft:infested_stone_bricks":5,"minecraft:basalt":2,"minecraft:spruce_door":1,"minecraft:crafting_table":15,"minecraft:blackstone_slab":2,"minecraft:lectern":219,"minecraft:tall_grass":3,"minecraft:polished_blackstone_brick_stairs":1,"minecraft:diorite":36,"minecraft:blue_bed":1,"minecraft:purple_bed":4,"minecraft:sweet_berry_bush":2,"minecraft:spruce_log":97,"minecraft:birch_leaves":7,"minecraft:bee_nest":1,"minecraft:grass_path":3,"minecraft:black_wool":1,"minecraft:coal_ore":151,"minecraft:cobweb":28,"minecraft:cracked_stone_bricks":6,"minecraft:stone_bricks":5,"minecraft:mossy_stone_bricks":4,"minecraft:chipped_anvil":7},"minecraft:broken":{"minecraft:iron_boots":2,"minecraft:iron_chestplate":2,"minecraft:iron_leggings":1,"minecraft:iron_sword":2,"minecraft:iron_axe":2,"minecraft:iron_helmet":3},"minecraft:killed":{"minecraft:cave_spider":1,"minecraft:zombified_piglin":1,"minecraft:witch":1,"minecraft:spider":15,"minecraft:skeleton":22,"minecraft:chicken":15,"minecraft:silverfish":5,"minecraft:piglin_brute":7,"minecraft:magma_cube":5,"minecraft:piglin":45,"minecraft:pig":29,"minecraft:creeper":8,"minecraft:sheep":26,"minecraft:zombie":42,"minecraft:blaze":31,"minecraft:cow":31,"minecraft:llama":1,"minecraft:drowned":1,"minecraft:hoglin":9,"minecraft:wither_skeleton":11,"minecraft:enderman":57},"minecraft:crafted":{"minecraft:oak_planks":1092,"minecraft:blaze_powder":14,"minecraft:iron_boots":6,"minecraft:chest":4,"minecraft:ender_eye":14,"minecraft:golden_sword":1,"minecraft:oak_slab":12,"minecraft:wooden_shovel":1,"minecraft:emerald":65,"minecraft:cooked_porkchop":24,"minecraft:crafting_table":15,"minecraft:spruce_planks":336,"minecraft:wooden_pickaxe":1,"minecraft:iron_helmet":5,"minecraft:iron_chestplate":4,"minecraft:diamond_pickaxe":2,"minecraft:shield":2,"minecraft:stick":2292,"minecraft:iron_ingot":140,"minecraft:iron_pickaxe":2,"minecraft:iron_block":14,"minecraft:stone_sword":1,"minecraft:gold_ingot":19,"minecraft:golden_carrot":3,"minecraft:furnace":12,"minecraft:oak_trapdoor":4,"minecraft:iron_axe":4,"minecraft:stone_pickaxe":1,"minecraft:spruce_boat":1,"minecraft:cooked_beef":70,"minecraft:diamond_sword":2,"minecraft:iron_sword":2,"minecraft:stone_axe":1,"minecraft:enchanted_book":1,"minecraft:air":0,"minecraft:oak_boat":3,"minecraft:golden_apple":2,"minecraft:gold_nugget":27,"minecraft:iron_shovel":1,"minecraft:iron_leggings":5,"minecraft:anvil":2},"minecraft:dropped":{"minecraft:crimson_stem":2,"minecraft:diamond_axe":2,"minecraft:warped_fungus":1,"minecraft:oak_log":9,"minecraft:crafting_table":2,"minecraft:cooked_porkchop":14,"minecraft:warped_roots":1,"minecraft:leather":46,"minecraft:emerald":1,"minecraft:gold_block":15,"minecraft:cracked_polished_blackstone_bricks":2,"minecraft:crimson_roots":1,"minecraft:chain":6,"minecraft:gold_nugget":10,"minecraft:gilded_blackstone":1,"minecraft:polished_blackstone_bricks":1,"minecraft:gold_ingot":1,"minecraft:bone":9,"minecraft:stone_axe":2,"minecraft:sugar_cane":12,"minecraft:iron_nugget":3,"minecraft:birch_sapling":1,"minecraft:obsidian":10,"minecraft:rotten_flesh":13,"minecraft:grindstone":2,"minecraft:oak_planks":14,"minecraft:diamond_shovel":1,"minecraft:poppy":1,"minecraft:iron_ore":7,"minecraft:arrow":53,"minecraft:water_bucket":1,"minecraft:golden_boots":3,"minecraft:iron_ingot":2,"minecraft:oak_slab":1,"minecraft:wheat_seeds":7,"minecraft:golden_horse_armor":1,"minecraft:cobblestone":4,"minecraft:book":2,"minecraft:granite":4,"minecraft:grass_block":1,"minecraft:stick":3,"minecraft:diamond_horse_armor":3,"minecraft:ink_sac":2,"minecraft:string":13,"minecraft:spruce_sapling":1,"minecraft:warped_nylium":1,"minecraft:stone_sword":1,"minecraft:wither_skeleton_skull":1,"minecraft:iron_boots":2,"minecraft:ender_eye":6,"minecraft:nether_bricks":5,"minecraft:hay_block":1,"minecraft:shield":1,"minecraft:piglin_banner_pattern":1,"minecraft:spruce_planks":12,"minecraft:diamond_pickaxe":1,"minecraft:oak_sapling":4,"minecraft:wooden_shovel":1,"minecraft:golden_sword":4,"minecraft:spider_eye":2,"minecraft:stone_bricks":2,"minecraft:spruce_log":10,"minecraft:bow":1,"minecraft:stone_pickaxe":1,"minecraft:wooden_pickaxe":1},"minecraft:killed_by":{"minecraft:piglin_brute":1,"minecraft:player":4,"minecraft:ender_dragon":6},"minecraft:used":{"minecraft:iron_shovel":20,"minecraft:spruce_slab":3,"minecraft:poppy":1,"minecraft:chest":13,"minecraft:shield":115,"minecraft:iron_sword":654,"minecraft:rotten_flesh":4,"minecraft:soul_sand":11,"minecraft:nether_bricks":2,"minecraft:carrot":1,"minecraft:obsidian":10,"minecraft:spruce_boat":3,"minecraft:grass_block":1,"minecraft:stone_bricks":3,"minecraft:bow":154,"minecraft:sweet_berries":1,"minecraft:furnace":16,"minecraft:diorite":36,"minecraft:mossy_stone_bricks":4,"minecraft:stone_pickaxe":58,"minecraft:oak_planks":105,"minecraft:blackstone":64,"minecraft:ender_pearl":5,"minecraft:wooden_pickaxe":20,"minecraft:diamond_axe":12,"minecraft:blackstone_wall":1,"minecraft:end_stone":19,"minecraft:bread":3,"minecraft:string":2,"minecraft:lectern":221,"minecraft:blackstone_slab":1,"minecraft:nether_wart_block":1,"minecraft:diamond_sword":720,"minecraft:andesite":45,"minecraft:oak_boat":4,"minecraft:oak_trapdoor":5,"minecraft:stone_sword":45,"minecraft:flint_and_steel":6,"minecraft:spruce_planks":2,"minecraft:wooden_shovel":2,"minecraft:netherrack":18,"minecraft:dirt":96,"minecraft:anvil":2,"minecraft:granite":11,"minecraft:chipped_anvil":6,"minecraft:bookshelf":1,"minecraft:iron_block":2,"minecraft:iron_axe":852,"minecraft:golden_carrot":10,"minecraft:beef":2,"minecraft:cooked_beef":61,"minecraft:water_bucket":2,"minecraft:iron_ore":9,"minecraft:fletching_table":3,"minecraft:polished_blackstone_bricks":1,"minecraft:cracked_stone_bricks":6,"minecraft:gilded_blackstone":3,"minecraft:oak_slab":18,"minecraft:crafting_table":27,"minecraft:oak_log":1,"minecraft:black_wool":1,"minecraft:ender_eye":8,"minecraft:diamond_pickaxe":1462,"minecraft:diamond_shovel":36,"minecraft:cracked_polished_blackstone_bricks":8,"minecraft:chicken":6,"minecraft:iron_pickaxe":31,"minecraft:spruce_trapdoor":1,"minecraft:stone_axe":14,"minecraft:cobblestone":535,"minecraft:purple_bed":4,"minecraft:porkchop":2,"minecraft:cooked_porkchop":81,"minecraft:bucket":2},"minecraft:picked_up":{"minecraft:iron_chestplate":1,"minecraft:anvil":1,"minecraft:diamond_sword":1,"minecraft:gilded_blackstone":1,"minecraft:golden_sword":7,"minecraft:string":93,"minecraft:iron_leggings":1,"minecraft:gold_nugget":12,"minecraft:spruce_planks":2,"minecraft:furnace":14,"minecraft:iron_boots":3,"minecraft:stick":3,"minecraft:torch":2,"minecraft:porkchop":168,"minecraft:diorite":36,"minecraft:rotten_flesh":43,"minecraft:blackstone_wall":1,"minecraft:iron_block":2,"minecraft:glowstone":6,"minecraft:bookshelf":1,"minecraft:blaze_rod":64,"minecraft:obsidian":14,"minecraft:iron_bars":10,"minecraft:cobblestone":674,"minecraft:feather":13,"minecraft:cooked_beef":40,"minecraft:magma_cream":28,"minecraft:water_bucket":1,"minecraft:andesite":45,"minecraft:potato":1,"minecraft:flint":2,"minecraft:wither_skeleton_skull":3,"minecraft:lapis_lazuli":5,"minecraft:dirt":102,"minecraft:bone":52,"minecraft:chipped_anvil":6,"minecraft:bow":4,"minecraft:wheat_seeds":7,"minecraft:grindstone":2,"minecraft:fletching_table":3,"minecraft:mossy_stone_bricks":4,"minecraft:glowstone_dust":13,"minecraft:oak_planks":25,"minecraft:cooked_porkchop":5,"minecraft:ink_sac":2,"minecraft:grass_block":2,"minecraft:spectral_arrow":7,"minecraft:iron_hoe":1,"minecraft:diamond":15,"minecraft:spruce_boat":3,"minecraft:cracked_polished_blackstone_bricks":12,"minecraft:granite":15,"minecraft:bread":1,"minecraft:piglin_banner_pattern":1,"minecraft:oak_sapling":5,"minecraft:netherrack":33,"minecraft:crimson_roots":1,"minecraft:diamond_pickaxe":3,"minecraft:crafting_table":15,"minecraft:chicken":20,"minecraft:nether_wart":114,"minecraft:gold_block":59,"minecraft:diamond_horse_armor":3,"minecraft:chain":12,"minecraft:shield":3,"minecraft:oak_trapdoor":2,"minecraft:flint_and_steel":1,"minecraft:iron_axe":1,"minecraft:blackstone":64,"minecraft:cracked_stone_bricks":6,"minecraft:beef":131,"minecraft:oak_boat":4,"minecraft:iron_nugget":2,"minecraft:poppy":2,"minecraft:spruce_slab":3,"minecraft:lectern":221,"minecraft:sugar_cane":12,"minecraft:chest":27,"minecraft:birch_sapling":1,"minecraft:spruce_trapdoor":1,"minecraft:end_stone":54,"minecraft:polished_blackstone_bricks":8,"minecraft:redstone":74,"minecraft:arrow":295,"minecraft:nether_bricks":7,"minecraft:hay_block":1,"minecraft:gold_ingot":10,"minecraft:mutton":90,"minecraft:white_wool":24,"minecraft:bone_block":7,"minecraft:basalt":1,"minecraft:golden_carrot":16,"minecraft:crimson_stem":2,"minecraft:leather":49,"minecraft:blackstone_slab":2,"minecraft:red_mushroom":2,"minecraft:oak_log":433,"minecraft:golden_boots":1,"minecraft:nether_wart_block":1,"minecraft:gunpowder":7,"minecraft:blue_bed":1,"minecraft:apple":2,"minecraft:stone_bricks":5,"minecraft:iron_ingot":41,"minecraft:stone_pickaxe":1,"minecraft:iron_ore":140,"minecraft:soul_sand":58,"minecraft:iron_sword":1,"minecraft:book":3,"minecraft:oak_slab":7,"minecraft:warped_fungus":1,"minecraft:sweet_berries":3,"minecraft:spruce_sapling":16,"minecraft:spruce_log":94,"minecraft:spider_eye":5,"minecraft:diamond_shovel":4,"minecraft:purple_bed":4,"minecraft:stone_axe":2,"minecraft:iron_helmet":1,"minecraft:diamond_axe":2,"minecraft:gray_wool":1,"minecraft:warped_roots":1,"minecraft:black_wool":1,"minecraft:warped_nylium":1,"minecraft:coal":250,"minecraft:ender_pearl":43}},"DataVersion":2586}