{"stats":{"minecraft:used":{"minecraft:diorite":8,"minecraft:stone_sword":45,"minecraft:stone_pickaxe":58,"minecraft:wooden_pickaxe":20,"minecraft:shield":8,"minecraft:iron_sword":298,"minecraft:dirt":13,"minecraft:crafting_table":4,"minecraft:granite":7,"minecraft:spruce_boat":3,"minecraft:chicken":1,"minecraft:string":2,"minecraft:iron_pickaxe":20,"minecraft:stone_axe":12,"minecraft:cobblestone":11,"minecraft:beef":2,"minecraft:furnace":1,"minecraft:cooked_beef":12},"minecraft:dropped":{"minecraft:iron_ingot":2,"minecraft:stone_axe":2,"minecraft:stone_sword":1,"minecraft:cobblestone":3,"minecraft:wooden_pickaxe":1,"minecraft:stone_pickaxe":1},"minecraft:mined":{"minecraft:crafting_table":4,"minecraft:granite":7,"minecraft:grass_block":4,"minecraft:cobblestone":2,"minecraft:spruce_leaves":3,"minecraft:diorite":8,"minecraft:large_fern":1,"minecraft:furnace":1,"minecraft:iron_ore":14,"minecraft:sweet_berry_bush":1,"minecraft:spruce_log":2,"minecraft:birch_leaves":1,"minecraft:grass":4,"minecraft:oak_log":6,"minecraft:coal_ore":26,"minecraft:dirt":12,"minecraft:stone":34,"minecraft:oak_leaves":8,"minecraft:tripwire":2},"minecraft:custom":{"minecraft:interact_with_furnace":19,"minecraft:mob_kills":131,"minecraft:interact_with_crafting_table":14,"minecraft:play_one_minute":84227,"minecraft:leave_game":1,"minecraft:time_since_death":84227,"minecraft:time_since_rest":84227,"minecraft:sprint_one_cm":529180,"minecraft:damage_taken":554,"minecraft:walk_one_cm":190682,"minecraft:drop":7,"minecraft:damage_dealt":15567,"minecraft:swim_one_cm":3163,"minecraft:fly_one_cm":58633,"minecraft:crouch_one_cm":21941,"minecraft:sneak_time":6895,"minecraft:walk_under_water_one_cm":1081,"minecraft:boat_one_cm":103015,"minecraft:jump":536,"minecraft:walk_on_water_one_cm":5240,"minecraft:fall_one_cm":13737},"minecraft:picked_up":{"minecraft:crafting_table":4,"minecraft:feather":13,"minecraft:cooked_beef":3,"minecraft:chicken":13,"minecraft:leather":22,"minecraft:oak_log":6,"minecraft:shield":1,"minecraft:gunpowder":1,"minecraft:dirt":14,"minecraft:string":8,"minecraft:bone":11,"minecraft:apple":1,"minecraft:iron_ingot":2,"minecraft:beef":66,"minecraft:stone_pickaxe":1,"minecraft:iron_ore":14,"minecraft:furnace":1,"minecraft:stick":1,"minecraft:porkchop":58,"minecraft:diorite":8,"minecraft:spruce_log":2,"minecraft:spider_eye":1,"minecraft:diamond":3,"minecraft:arrow":11,"minecraft:rotten_flesh":8,"minecraft:stone_axe":2,"minecraft:spruce_boat":3,"minecraft:granite":7,"minecraft:gray_wool":1,"minecraft:mutton":45,"minecraft:black_wool":1,"minecraft:coal":38,"minecraft:white_wool":24,"minecraft:cobblestone":30,"minecraft:ender_pearl":1},"minecraft:broken":{"minecraft:iron_sword":1},"minecraft:killed":{"minecraft:pig":27,"minecraft:witch":1,"minecraft:spider":4,"minecraft:creeper":2,"minecraft:sheep":26,"minecraft:skeleton":10,"minecraft:zombie":10,"minecraft:chicken":15,"minecraft:llama":1,"minecraft:drowned":1,"minecraft:cow":31,"minecraft:enderman":1},"minecraft:crafted":{"minecraft:cooked_beef":26,"minecraft:oak_planks":20,"minecraft:cooked_porkchop":6,"minecraft:crafting_table":1,"minecraft:spruce_planks":8,"minecraft:wooden_pickaxe":1,"minecraft:iron_sword":2,"minecraft:furnace":1,"minecraft:stone_axe":1,"minecraft:air":0,"minecraft:iron_boots":1,"minecraft:shield":1,"minecraft:stick":12,"minecraft:iron_ingot":14,"minecraft:iron_pickaxe":1,"minecraft:stone_pickaxe":1,"minecraft:stone_sword":1,"minecraft:spruce_boat":1}},"DataVersion":2586}