{"stats":{"minecraft:killed":{"minecraft:cave_spider":1,"minecraft:witch":1,"minecraft:spider":6,"minecraft:skeleton":14,"minecraft:chicken":15,"minecraft:llama":1,"minecraft:drowned":1,"minecraft:piglin_brute":5,"minecraft:piglin":30,"minecraft:pig":28,"minecraft:hoglin":9,"minecraft:creeper":3,"minecraft:sheep":26,"minecraft:zombie":25,"minecraft:enderman":1,"minecraft:cow":31},"minecraft:used":{"minecraft:stone_sword":45,"minecraft:flint_and_steel":6,"minecraft:spruce_slab":3,"minecraft:poppy":1,"minecraft:chest":2,"minecraft:shield":47,"minecraft:iron_sword":454,"minecraft:wooden_shovel":2,"minecraft:rotten_flesh":2,"minecraft:netherrack":11,"minecraft:dirt":89,"minecraft:anvil":1,"minecraft:obsidian":9,"minecraft:granite":9,"minecraft:spruce_boat":3,"minecraft:chipped_anvil":5,"minecraft:bookshelf":1,"minecraft:iron_block":2,"minecraft:iron_axe":680,"minecraft:grass_block":1,"minecraft:bow":68,"minecraft:beef":2,"minecraft:furnace":5,"minecraft:cooked_beef":28,"minecraft:iron_ore":1,"minecraft:water_bucket":2,"minecraft:diorite":22,"minecraft:oak_planks":21,"minecraft:stone_pickaxe":58,"minecraft:blackstone":8,"minecraft:wooden_pickaxe":20,"minecraft:diamond_axe":12,"minecraft:fletching_table":3,"minecraft:polished_blackstone_bricks":1,"minecraft:gilded_blackstone":3,"minecraft:oak_slab":18,"minecraft:crafting_table":14,"minecraft:blackstone_wall":1,"minecraft:black_wool":1,"minecraft:diamond_pickaxe":750,"minecraft:cracked_polished_blackstone_bricks":7,"minecraft:chicken":1,"minecraft:bread":1,"minecraft:iron_pickaxe":31,"minecraft:string":2,"minecraft:lectern":221,"minecraft:spruce_trapdoor":1,"minecraft:blackstone_slab":1,"minecraft:stone_axe":14,"minecraft:nether_wart_block":1,"minecraft:diamond_sword":118,"minecraft:cobblestone":320,"minecraft:purple_bed":3,"minecraft:porkchop":2,"minecraft:cooked_porkchop":15,"minecraft:andesite":5,"minecraft:bucket":2,"minecraft:oak_boat":1},"minecraft:picked_up":{"minecraft:crafting_table":7,"minecraft:chicken":13,"minecraft:gold_block":28,"minecraft:gilded_blackstone":1,"minecraft:chain":12,"minecraft:golden_sword":1,"minecraft:shield":1,"minecraft:string":67,"minecraft:flint_and_steel":1,"minecraft:blackstone":64,"minecraft:gold_nugget":2,"minecraft:beef":115,"minecraft:oak_boat":1,"minecraft:poppy":2,"minecraft:spruce_slab":3,"minecraft:lectern":221,"minecraft:sugar_cane":12,"minecraft:chest":4,"minecraft:furnace":2,"minecraft:spruce_trapdoor":1,"minecraft:iron_boots":2,"minecraft:stick":3,"minecraft:porkchop":92,"minecraft:polished_blackstone_bricks":1,"minecraft:diorite":22,"minecraft:arrow":253,"minecraft:rotten_flesh":28,"minecraft:blackstone_wall":1,"minecraft:iron_block":2,"minecraft:glowstone":3,"minecraft:bookshelf":1,"minecraft:obsidian":14,"minecraft:mutton":45,"minecraft:white_wool":24,"minecraft:cobblestone":365,"minecraft:feather":13,"minecraft:cooked_beef":4,"minecraft:crimson_stem":2,"minecraft:water_bucket":1,"minecraft:andesite":5,"minecraft:leather":49,"minecraft:blackstone_slab":2,"minecraft:potato":1,"minecraft:oak_log":299,"minecraft:nether_wart_block":1,"minecraft:gunpowder":2,"minecraft:dirt":89,"minecraft:blue_bed":1,"minecraft:bone":17,"minecraft:chipped_anvil":6,"minecraft:apple":1,"minecraft:bow":2,"minecraft:wheat_seeds":6,"minecraft:iron_ingot":2,"minecraft:grindstone":2,"minecraft:stone_pickaxe":1,"minecraft:iron_ore":126,"minecraft:fletching_table":3,"minecraft:glowstone_dust":13,"minecraft:oak_planks":7,"minecraft:book":3,"minecraft:oak_slab":7,"minecraft:cooked_porkchop":2,"minecraft:sweet_berries":2,"minecraft:spruce_sapling":15,"minecraft:ink_sac":2,"minecraft:grass_block":2,"minecraft:spruce_log":82,"minecraft:spider_eye":3,"minecraft:diamond_shovel":1,"minecraft:purple_bed":3,"minecraft:spruce_boat":3,"minecraft:diamond":5,"minecraft:stone_axe":2,"minecraft:cracked_polished_blackstone_bricks":9,"minecraft:granite":9,"minecraft:diamond_axe":2,"minecraft:gray_wool":1,"minecraft:bread":1,"minecraft:oak_sapling":4,"minecraft:netherrack":26,"minecraft:black_wool":1,"minecraft:coal":113,"minecraft:crimson_roots":1,"minecraft:ender_pearl":1},"minecraft:dropped":{"minecraft:golden_boots":2,"minecraft:water_bucket":1,"minecraft:crimson_stem":2,"minecraft:iron_ingot":2,"minecraft:oak_slab":1,"minecraft:wheat_seeds":6,"minecraft:diamond_axe":2,"minecraft:cooked_porkchop":3,"minecraft:cobblestone":4,"minecraft:leather":44,"minecraft:grass_block":1,"minecraft:stick":2,"minecraft:emerald":1,"minecraft:cracked_polished_blackstone_bricks":1,"minecraft:ink_sac":2,"minecraft:crimson_roots":1,"minecraft:chain":6,"minecraft:gilded_blackstone":1,"minecraft:stone_axe":2,"minecraft:sugar_cane":12,"minecraft:iron_nugget":1,"minecraft:stone_sword":1,"minecraft:obsidian":1,"minecraft:grindstone":2,"minecraft:oak_planks":5,"minecraft:iron_boots":2,"minecraft:poppy":1,"minecraft:oak_sapling":4,"minecraft:wooden_shovel":1,"minecraft:golden_sword":1,"minecraft:spruce_log":10,"minecraft:arrow":53,"minecraft:stone_pickaxe":1,"minecraft:wooden_pickaxe":1},"minecraft:crafted":{"minecraft:oak_planks":952,"minecraft:furnace":3,"minecraft:iron_boots":2,"minecraft:iron_axe":3,"minecraft:stone_pickaxe":1,"minecraft:chest":2,"minecraft:spruce_boat":1,"minecraft:cooked_beef":59,"minecraft:oak_slab":12,"minecraft:wooden_shovel":1,"minecraft:diamond_sword":1,"minecraft:emerald":65,"minecraft:cooked_porkchop":24,"minecraft:crafting_table":8,"minecraft:spruce_planks":288,"minecraft:iron_helmet":2,"minecraft:wooden_pickaxe":1,"minecraft:iron_sword":2,"minecraft:stone_axe":1,"minecraft:enchanted_book":1,"minecraft:air":0,"minecraft:oak_boat":1,"minecraft:iron_chestplate":2,"minecraft:diamond_pickaxe":1,"minecraft:shield":1,"minecraft:stick":2284,"minecraft:iron_ingot":116,"minecraft:iron_pickaxe":2,"minecraft:gold_ingot":1,"minecraft:iron_block":3,"minecraft:stone_sword":1,"minecraft:iron_leggings":1,"minecraft:anvil":1},"minecraft:killed_by":{"minecraft:player":1},"minecraft:broken":{"minecraft:iron_boots":1,"minecraft:iron_chestplate":1,"minecraft:iron_axe":2,"minecraft:iron_sword":2,"minecraft:iron_helmet":1},"minecraft:mined":{"minecraft:blackstone_wall":1,"minecraft:obsidian":12,"minecraft:spruce_trapdoor":1,"minecraft:chiseled_polished_blackstone":3,"minecraft:granite":8,"minecraft:grass_block":11,"minecraft:crimson_roots":2,"minecraft:cracked_polished_blackstone_bricks":18,"minecraft:spruce_leaves":28,"minecraft:spawner":1,"minecraft:gilded_blackstone":3,"minecraft:crimson_stem":2,"minecraft:large_fern":2,"minecraft:polished_blackstone_bricks":10,"minecraft:magma_block":3,"minecraft:glowstone":4,"minecraft:furnace":2,"minecraft:iron_ore":128,"minecraft:fire":6,"minecraft:andesite":5,"minecraft:fletching_table":3,"minecraft:gold_block":28,"minecraft:bookshelf":1,"minecraft:stone":233,"minecraft:iron_block":2,"minecraft:spruce_slab":2,"minecraft:tripwire":2,"minecraft:oak_slab":6,"minecraft:glass_pane":2,"minecraft:blackstone":99,"minecraft:crimson_nylium":4,"minecraft:basalt":2,"minecraft:spruce_door":1,"minecraft:crafting_table":8,"minecraft:blackstone_slab":2,"minecraft:poppy":1,"minecraft:chest":6,"minecraft:lectern":219,"minecraft:tall_grass":2,"minecraft:cobblestone":84,"minecraft:oak_planks":3,"minecraft:sugar_cane":5,"minecraft:diorite":19,"minecraft:blue_bed":1,"minecraft:purple_bed":3,"minecraft:nether_wart_block":1,"minecraft:sweet_berry_bush":2,"minecraft:spruce_log":85,"minecraft:birch_leaves":1,"minecraft:grass_path":2,"minecraft:black_wool":1,"minecraft:grass":21,"minecraft:oak_log":319,"minecraft:coal_ore":99,"minecraft:dirt":37,"minecraft:cobweb":27,"minecraft:netherrack":31,"minecraft:chipped_anvil":6,"minecraft:oak_leaves":63},"minecraft:custom":{"minecraft:interact_with_anvil":9,"minecraft:mob_kills":202,"minecraft:interact_with_crafting_table":64,"minecraft:leave_game":10,"minecraft:time_since_death":47024,"minecraft:sprint_one_cm":1052971,"minecraft:walk_one_cm":586415,"minecraft:drop":45,"minecraft:talked_to_villager":539,"minecraft:deaths":1,"minecraft:sneak_time":31064,"minecraft:walk_under_water_one_cm":1429,"minecraft:boat_one_cm":110630,"minecraft:jump":690,"minecraft:walk_on_water_one_cm":12933,"minecraft:interact_with_furnace":57,"minecraft:traded_with_villager":66,"minecraft:play_one_minute":258750,"minecraft:sleep_in_bed":2,"minecraft:time_since_rest":47316,"minecraft:damage_taken":3052,"minecraft:damage_dealt":30371,"minecraft:swim_one_cm":4482,"minecraft:fly_one_cm":121005,"minecraft:open_chest":41,"minecraft:crouch_one_cm":139925,"minecraft:fall_one_cm":13737,"minecraft:horse_one_cm":49917}},"DataVersion":2586}