{"stats":{"minecraft:crafted":{"minecraft:cooked_chicken":1,"minecraft:furnace":2,"minecraft:iron_boots":1,"minecraft:iron_axe":1,"minecraft:stone_pickaxe":1,"minecraft:spruce_boat":1,"minecraft:golden_boots":1,"minecraft:cooked_beef":2,"minecraft:cooked_porkchop":5,"minecraft:crafting_table":5,"minecraft:spruce_planks":156,"minecraft:wooden_pickaxe":1,"minecraft:iron_helmet":1,"minecraft:iron_sword":1,"minecraft:stone_axe":1,"minecraft:air":0,"minecraft:bread":1,"minecraft:iron_chestplate":1,"minecraft:diamond_pickaxe":1,"minecraft:shield":1,"minecraft:stick":12,"minecraft:iron_pickaxe":1,"minecraft:iron_ingot":30,"minecraft:gold_ingot":5,"minecraft:iron_leggings":1},"minecraft:used":{"minecraft:flint_and_steel":2,"minecraft:chest":2,"minecraft:spruce_planks":27,"minecraft:shield":3,"minecraft:iron_sword":93,"minecraft:rotten_flesh":12,"minecraft:netherrack":198,"minecraft:dirt":21,"minecraft:soul_sand":1,"minecraft:obsidian":5,"minecraft:spruce_boat":2,"minecraft:iron_axe":41,"minecraft:bow":1,"minecraft:soul_soil":19,"minecraft:sweet_berries":37,"minecraft:furnace":3,"minecraft:cooked_beef":4,"minecraft:potato":4,"minecraft:stone_pickaxe":67,"minecraft:wooden_pickaxe":7,"minecraft:blue_bed":4,"minecraft:sand":7,"minecraft:crafting_table":8,"minecraft:diamond_pickaxe":284,"minecraft:bread":8,"minecraft:iron_pickaxe":34,"minecraft:gravel":2,"minecraft:stone_axe":104,"minecraft:cobblestone":94,"minecraft:cooked_porkchop":1,"minecraft:andesite":8},"minecraft:dropped":{"minecraft:iron_ingot":12,"minecraft:iron_sword":1,"minecraft:porkchop":6,"minecraft:cooked_porkchop":9,"minecraft:iron_helmet":1,"minecraft:leather_helmet":1,"minecraft:dirt":1,"minecraft:torch":14,"minecraft:iron_leggings":1,"minecraft:iron_axe":1,"minecraft:iron_pickaxe":1,"minecraft:dandelion":1,"minecraft:stone_axe":1,"minecraft:iron_nugget":17,"minecraft:cooked_chicken":1,"minecraft:iron_boots":1,"minecraft:filled_map":2,"minecraft:leather_chestplate":3,"minecraft:potato":2,"minecraft:shield":1,"minecraft:iron_chestplate":1,"minecraft:oak_sapling":10,"minecraft:golden_sword":1,"minecraft:leather_leggings":1,"minecraft:wooden_pickaxe":2,"minecraft:arrow":1,"minecraft:bow":2,"minecraft:stone_pickaxe":1},"minecraft:custom":{"minecraft:mob_kills":47,"minecraft:interact_with_crafting_table":30,"minecraft:leave_game":4,"minecraft:time_since_death":74852,"minecraft:sprint_one_cm":471090,"minecraft:walk_one_cm":244382,"minecraft:drop":36,"minecraft:deaths":1,"minecraft:sneak_time":11136,"minecraft:walk_under_water_one_cm":6509,"minecraft:boat_one_cm":29208,"minecraft:jump":484,"minecraft:walk_on_water_one_cm":7064,"minecraft:interact_with_furnace":33,"minecraft:play_one_minute":78984,"minecraft:sleep_in_bed":3,"minecraft:time_since_rest":24104,"minecraft:damage_taken":974,"minecraft:damage_dealt":7373,"minecraft:swim_one_cm":22156,"minecraft:fly_one_cm":63381,"minecraft:player_kills":1,"minecraft:open_chest":26,"minecraft:crouch_one_cm":46731,"minecraft:fall_one_cm":11174},"minecraft:broken":{"minecraft:stone_axe":1},"minecraft:mined":{"minecraft:nether_gold_ore":14,"minecraft:spruce_planks":3,"minecraft:obsidian":3,"minecraft:grass_block":9,"minecraft:spruce_leaves":30,"minecraft:large_fern":9,"minecraft:furnace":3,"minecraft:nether_sprouts":2,"minecraft:iron_ore":11,"minecraft:fire":7,"minecraft:andesite":7,"minecraft:gold_block":1,"minecraft:stone":86,"minecraft:soul_fire":8,"minecraft:crafting_table":4,"minecraft:chest":2,"minecraft:cobblestone":7,"minecraft:blue_bed":4,"minecraft:warped_nylium":3,"minecraft:sweet_berry_bush":20,"minecraft:spruce_log":58,"minecraft:coal_ore":10,"minecraft:gravel":2,"minecraft:sand":4,"minecraft:dirt":22,"minecraft:netherrack":209,"minecraft:fern":3},"minecraft:killed":{"minecraft:spider":2,"minecraft:skeleton":5,"minecraft:chicken":1,"minecraft:magma_cube":12,"minecraft:piglin":2,"minecraft:pig":4,"minecraft:iron_golem":1,"minecraft:zombie":6,"minecraft:ghast":1,"minecraft:enderman":5,"minecraft:cow":5},"minecraft:picked_up":{"minecraft:crafting_table":3,"minecraft:iron_chestplate":2,"minecraft:chicken":1,"minecraft:brown_mushroom":1,"minecraft:wooden_pickaxe":1,"minecraft:gold_block":1,"minecraft:shield":2,"minecraft:string":2,"minecraft:iron_axe":2,"minecraft:soul_soil":19,"minecraft:large_fern":1,"minecraft:iron_leggings":2,"minecraft:gold_nugget":52,"minecraft:spruce_planks":14,"minecraft:beef":14,"minecraft:iron_nugget":7,"minecraft:iron_pickaxe":2,"minecraft:chest":2,"minecraft:iron_boots":2,"minecraft:furnace":3,"minecraft:stick":4,"minecraft:torch":22,"minecraft:porkchop":12,"minecraft:arrow":2,"minecraft:rotten_flesh":6,"minecraft:obsidian":3,"minecraft:cobblestone":118,"minecraft:feather":2,"minecraft:cooked_beef":7,"minecraft:andesite":8,"minecraft:leather":4,"minecraft:potato":13,"minecraft:filled_map":2,"minecraft:dirt":32,"minecraft:blue_bed":4,"minecraft:bone":7,"minecraft:bow":3,"minecraft:wheat_seeds":1,"minecraft:iron_ingot":30,"minecraft:stone_pickaxe":1,"minecraft:iron_ore":11,"minecraft:iron_sword":2,"minecraft:soul_sand":1,"minecraft:warped_fungus":1,"minecraft:cooked_porkchop":11,"minecraft:sweet_berries":33,"minecraft:quartz":14,"minecraft:dandelion":1,"minecraft:gravel":2,"minecraft:sand":7,"minecraft:spruce_sapling":11,"minecraft:spruce_log":77,"minecraft:spruce_boat":1,"minecraft:stone_axe":2,"minecraft:iron_helmet":2,"minecraft:bread":7,"minecraft:netherrack":209,"minecraft:warped_nylium":1,"minecraft:coal":20,"minecraft:ender_pearl":2}},"DataVersion":2586}