{"stats":{"minecraft:used":{"minecraft:diorite":8,"minecraft:stone_sword":45,"minecraft:stone_pickaxe":58,"minecraft:chest":1,"minecraft:wooden_pickaxe":20,"minecraft:shield":9,"minecraft:iron_sword":321,"minecraft:diamond_axe":12,"minecraft:wooden_shovel":2,"minecraft:dirt":30,"minecraft:crafting_table":5,"minecraft:granite":7,"minecraft:spruce_boat":3,"minecraft:diamond_pickaxe":30,"minecraft:chicken":1,"minecraft:string":2,"minecraft:iron_pickaxe":21,"minecraft:stone_axe":14,"minecraft:bow":3,"minecraft:cobblestone":13,"minecraft:beef":2,"minecraft:furnace":2,"minecraft:cooked_beef":13},"minecraft:dropped":{"minecraft:iron_ingot":2,"minecraft:stone_axe":2,"minecraft:sugar_cane":12,"minecraft:diamond_axe":1,"minecraft:stone_sword":1,"minecraft:cobblestone":4,"minecraft:leather":44,"minecraft:wooden_shovel":1,"minecraft:spruce_log":10,"minecraft:wooden_pickaxe":1,"minecraft:stone_pickaxe":1},"minecraft:mined":{"minecraft:crafting_table":4,"minecraft:granite":7,"minecraft:grass_block":5,"minecraft:cobblestone":5,"minecraft:spruce_leaves":10,"minecraft:sugar_cane":5,"minecraft:diorite":8,"minecraft:large_fern":1,"minecraft:furnace":1,"minecraft:iron_ore":26,"minecraft:sweet_berry_bush":2,"minecraft:spruce_log":15,"minecraft:birch_leaves":1,"minecraft:grass_path":1,"minecraft:grass":4,"minecraft:oak_log":6,"minecraft:coal_ore":26,"minecraft:dirt":18,"minecraft:stone":48,"minecraft:oak_leaves":8,"minecraft:tripwire":2},"minecraft:custom":{"minecraft:interact_with_furnace":24,"minecraft:mob_kills":135,"minecraft:interact_with_crafting_table":22,"minecraft:play_one_minute":96227,"minecraft:leave_game":1,"minecraft:time_since_death":96227,"minecraft:time_since_rest":96227,"minecraft:sprint_one_cm":574302,"minecraft:damage_taken":581,"minecraft:walk_one_cm":219257,"minecraft:drop":15,"minecraft:damage_dealt":16332,"minecraft:talked_to_villager":4,"minecraft:swim_one_cm":3163,"minecraft:fly_one_cm":74164,"minecraft:open_chest":7,"minecraft:crouch_one_cm":24591,"minecraft:sneak_time":7935,"minecraft:walk_under_water_one_cm":1081,"minecraft:boat_one_cm":103015,"minecraft:jump":547,"minecraft:walk_on_water_one_cm":5240,"minecraft:fall_one_cm":13737},"minecraft:picked_up":{"minecraft:crafting_table":4,"minecraft:feather":13,"minecraft:cooked_beef":3,"minecraft:chicken":13,"minecraft:leather":44,"minecraft:potato":1,"minecraft:oak_log":6,"minecraft:shield":1,"minecraft:gunpowder":2,"minecraft:dirt":32,"minecraft:string":9,"minecraft:bone":11,"minecraft:apple":1,"minecraft:bow":1,"minecraft:iron_ingot":2,"minecraft:beef":66,"minecraft:stone_pickaxe":1,"minecraft:iron_ore":26,"minecraft:sugar_cane":12,"minecraft:furnace":1,"minecraft:stick":1,"minecraft:sweet_berries":2,"minecraft:porkchop":58,"minecraft:spruce_sapling":3,"minecraft:diorite":8,"minecraft:spruce_log":14,"minecraft:spider_eye":1,"minecraft:diamond":3,"minecraft:arrow":75,"minecraft:rotten_flesh":11,"minecraft:stone_axe":2,"minecraft:spruce_boat":3,"minecraft:diamond_axe":1,"minecraft:granite":7,"minecraft:gray_wool":1,"minecraft:mutton":45,"minecraft:black_wool":1,"minecraft:coal":38,"minecraft:white_wool":24,"minecraft:cobblestone":48,"minecraft:ender_pearl":1},"minecraft:broken":{"minecraft:iron_sword":1},"minecraft:killed":{"minecraft:pig":27,"minecraft:witch":1,"minecraft:spider":5,"minecraft:creeper":3,"minecraft:sheep":26,"minecraft:skeleton":10,"minecraft:zombie":12,"minecraft:chicken":15,"minecraft:llama":1,"minecraft:drowned":1,"minecraft:cow":31,"minecraft:enderman":1},"minecraft:crafted":{"minecraft:cooked_beef":26,"minecraft:oak_planks":24,"minecraft:wooden_shovel":1,"minecraft:cooked_porkchop":6,"minecraft:crafting_table":1,"minecraft:spruce_planks":16,"minecraft:wooden_pickaxe":1,"minecraft:iron_sword":2,"minecraft:furnace":2,"minecraft:stone_axe":1,"minecraft:air":0,"minecraft:diamond_pickaxe":1,"minecraft:iron_boots":1,"minecraft:shield":1,"minecraft:stick":16,"minecraft:iron_ingot":23,"minecraft:iron_pickaxe":1,"minecraft:stone_pickaxe":1,"minecraft:stone_sword":1,"minecraft:chest":1,"minecraft:spruce_boat":1}},"DataVersion":2586}