{"stats":{"minecraft:custom":{"minecraft:mob_kills":162,"minecraft:interact_with_crafting_table":35,"minecraft:leave_game":4,"minecraft:time_since_death":176120,"minecraft:sprint_one_cm":771503,"minecraft:walk_one_cm":419897,"minecraft:drop":30,"minecraft:talked_to_villager":306,"minecraft:sneak_time":22481,"minecraft:walk_under_water_one_cm":1429,"minecraft:boat_one_cm":110630,"minecraft:jump":607,"minecraft:walk_on_water_one_cm":12873,"minecraft:interact_with_furnace":36,"minecraft:traded_with_villager":12,"minecraft:play_one_minute":176120,"minecraft:sleep_in_bed":2,"minecraft:time_since_rest":12917,"minecraft:damage_taken":1591,"minecraft:damage_dealt":22050,"minecraft:swim_one_cm":4482,"minecraft:fly_one_cm":82190,"minecraft:open_chest":16,"minecraft:crouch_one_cm":88544,"minecraft:fall_one_cm":13737},"minecraft:crafted":{"minecraft:oak_planks":64,"minecraft:furnace":2,"minecraft:iron_boots":1,"minecraft:iron_axe":2,"minecraft:stone_pickaxe":1,"minecraft:chest":1,"minecraft:spruce_boat":1,"minecraft:cooked_beef":26,"minecraft:oak_slab":6,"minecraft:wooden_shovel":1,"minecraft:emerald":12,"minecraft:cooked_porkchop":6,"minecraft:crafting_table":3,"minecraft:spruce_planks":288,"minecraft:wooden_pickaxe":1,"minecraft:iron_helmet":1,"minecraft:iron_sword":2,"minecraft:stone_axe":1,"minecraft:air":0,"minecraft:oak_boat":1,"minecraft:iron_chestplate":1,"minecraft:diamond_pickaxe":1,"minecraft:shield":1,"minecraft:stick":564,"minecraft:iron_pickaxe":1,"minecraft:iron_ingot":55,"minecraft:stone_sword":1,"minecraft:iron_leggings":1},"minecraft:mined":{"minecraft:blackstone_wall":1,"minecraft:obsidian":12,"minecraft:spruce_trapdoor":1,"minecraft:granite":7,"minecraft:grass_block":9,"minecraft:cracked_polished_blackstone_bricks":1,"minecraft:spruce_leaves":28,"minecraft:spawner":1,"minecraft:large_fern":2,"minecraft:polished_blackstone_bricks":1,"minecraft:glowstone":4,"minecraft:furnace":1,"minecraft:iron_ore":46,"minecraft:fire":5,"minecraft:andesite":3,"minecraft:stone":94,"minecraft:iron_block":2,"minecraft:spruce_slab":2,"minecraft:tripwire":2,"minecraft:glass_pane":2,"minecraft:blackstone":1,"minecraft:spruce_door":1,"minecraft:crafting_table":4,"minecraft:blackstone_slab":1,"minecraft:poppy":1,"minecraft:lectern":121,"minecraft:tall_grass":2,"minecraft:cobblestone":79,"minecraft:oak_planks":1,"minecraft:sugar_cane":5,"minecraft:diorite":12,"minecraft:blue_bed":1,"minecraft:purple_bed":3,"minecraft:sweet_berry_bush":2,"minecraft:spruce_log":85,"minecraft:birch_leaves":1,"minecraft:grass_path":2,"minecraft:grass":13,"minecraft:black_wool":1,"minecraft:oak_log":37,"minecraft:coal_ore":27,"minecraft:dirt":33,"minecraft:cobweb":27,"minecraft:netherrack":8,"minecraft:oak_leaves":11},"minecraft:dropped":{"minecraft:water_bucket":1,"minecraft:iron_ingot":2,"minecraft:wheat_seeds":2,"minecraft:diamond_axe":2,"minecraft:cooked_porkchop":3,"minecraft:cobblestone":4,"minecraft:leather":44,"minecraft:grass_block":1,"minecraft:cracked_polished_blackstone_bricks":1,"minecraft:ink_sac":2,"minecraft:stone_axe":2,"minecraft:sugar_cane":12,"minecraft:stone_sword":1,"minecraft:obsidian":1,"minecraft:grindstone":2,"minecraft:oak_planks":3,"minecraft:iron_boots":2,"minecraft:poppy":1,"minecraft:wooden_shovel":1,"minecraft:spruce_log":10,"minecraft:wooden_pickaxe":1,"minecraft:stone_pickaxe":1},"minecraft:killed":{"minecraft:cave_spider":1,"minecraft:witch":1,"minecraft:spider":6,"minecraft:skeleton":13,"minecraft:chicken":15,"minecraft:llama":1,"minecraft:drowned":1,"minecraft:piglin_brute":2,"minecraft:piglin":4,"minecraft:pig":27,"minecraft:hoglin":5,"minecraft:creeper":3,"minecraft:sheep":26,"minecraft:zombie":21,"minecraft:enderman":1,"minecraft:cow":31},"minecraft:broken":{"minecraft:iron_boots":1,"minecraft:iron_axe":1,"minecraft:iron_sword":2},"minecraft:used":{"minecraft:stone_sword":45,"minecraft:flint_and_steel":6,"minecraft:spruce_slab":3,"minecraft:poppy":1,"minecraft:chest":1,"minecraft:shield":18,"minecraft:iron_sword":454,"minecraft:wooden_shovel":2,"minecraft:netherrack":8,"minecraft:dirt":83,"minecraft:granite":8,"minecraft:obsidian":9,"minecraft:spruce_boat":3,"minecraft:iron_axe":245,"minecraft:grass_block":1,"minecraft:iron_block":2,"minecraft:bow":3,"minecraft:beef":2,"minecraft:furnace":2,"minecraft:cooked_beef":25,"minecraft:water_bucket":2,"minecraft:diorite":15,"minecraft:iron_ore":1,"minecraft:stone_pickaxe":58,"minecraft:oak_planks":21,"minecraft:wooden_pickaxe":20,"minecraft:diamond_axe":12,"minecraft:polished_blackstone_bricks":1,"minecraft:gilded_blackstone":3,"minecraft:oak_slab":6,"minecraft:crafting_table":7,"minecraft:blackstone_wall":1,"minecraft:diamond_pickaxe":218,"minecraft:black_wool":1,"minecraft:chicken":1,"minecraft:bread":1,"minecraft:string":2,"minecraft:iron_pickaxe":31,"minecraft:lectern":123,"minecraft:spruce_trapdoor":1,"minecraft:blackstone_slab":1,"minecraft:stone_axe":14,"minecraft:cobblestone":184,"minecraft:purple_bed":3,"minecraft:cooked_porkchop":1,"minecraft:andesite":3,"minecraft:bucket":2,"minecraft:oak_boat":1},"minecraft:picked_up":{"minecraft:crafting_table":4,"minecraft:chicken":13,"minecraft:shield":1,"minecraft:string":52,"minecraft:flint_and_steel":1,"minecraft:beef":115,"minecraft:oak_boat":1,"minecraft:poppy":2,"minecraft:spruce_slab":3,"minecraft:lectern":123,"minecraft:sugar_cane":12,"minecraft:spruce_trapdoor":1,"minecraft:furnace":1,"minecraft:iron_boots":2,"minecraft:stick":2,"minecraft:porkchop":75,"minecraft:polished_blackstone_bricks":1,"minecraft:diorite":15,"minecraft:arrow":140,"minecraft:rotten_flesh":23,"minecraft:blackstone_wall":1,"minecraft:iron_block":2,"minecraft:obsidian":14,"minecraft:mutton":45,"minecraft:white_wool":24,"minecraft:cobblestone":221,"minecraft:feather":13,"minecraft:cooked_beef":3,"minecraft:water_bucket":1,"minecraft:andesite":3,"minecraft:leather":47,"minecraft:blackstone_slab":1,"minecraft:potato":1,"minecraft:oak_log":37,"minecraft:gunpowder":2,"minecraft:dirt":83,"minecraft:blue_bed":1,"minecraft:bone":17,"minecraft:apple":1,"minecraft:bow":1,"minecraft:wheat_seeds":2,"minecraft:grindstone":2,"minecraft:iron_ingot":2,"minecraft:stone_pickaxe":1,"minecraft:iron_ore":47,"minecraft:glowstone_dust":13,"minecraft:oak_planks":4,"minecraft:sweet_berries":2,"minecraft:spruce_sapling":15,"minecraft:ink_sac":2,"minecraft:grass_block":2,"minecraft:spruce_log":82,"minecraft:spider_eye":3,"minecraft:purple_bed":3,"minecraft:diamond":3,"minecraft:spruce_boat":3,"minecraft:stone_axe":2,"minecraft:cracked_polished_blackstone_bricks":1,"minecraft:granite":8,"minecraft:diamond_axe":2,"minecraft:gray_wool":1,"minecraft:bread":1,"minecraft:netherrack":8,"minecraft:black_wool":1,"minecraft:coal":41,"minecraft:ender_pearl":1}},"DataVersion":2586}