{"stats":{"minecraft:crafted":{"minecraft:golden_carrot":8,"minecraft:cooked_chicken":1,"minecraft:furnace":2,"minecraft:iron_boots":1,"minecraft:iron_axe":1,"minecraft:stone_pickaxe":1,"minecraft:spruce_boat":2,"minecraft:golden_boots":1,"minecraft:cooked_beef":2,"minecraft:diamond_sword":1,"minecraft:cooked_porkchop":5,"minecraft:crafting_table":8,"minecraft:spruce_planks":156,"minecraft:iron_helmet":1,"minecraft:wooden_pickaxe":1,"minecraft:iron_sword":2,"minecraft:stone_axe":1,"minecraft:air":0,"minecraft:bread":1,"minecraft:iron_chestplate":1,"minecraft:diamond_pickaxe":1,"minecraft:gold_nugget":81,"minecraft:shield":1,"minecraft:stick":16,"minecraft:iron_ingot":34,"minecraft:iron_pickaxe":1,"minecraft:iron_leggings":1,"minecraft:gold_ingot":6},"minecraft:used":{"minecraft:flint_and_steel":7,"minecraft:chest":2,"minecraft:spruce_planks":62,"minecraft:shield":34,"minecraft:iron_sword":313,"minecraft:rotten_flesh":12,"minecraft:netherrack":493,"minecraft:soul_sand":2,"minecraft:dirt":21,"minecraft:nether_bricks":13,"minecraft:carrot":5,"minecraft:golden_shovel":46,"minecraft:obsidian":5,"minecraft:spruce_boat":4,"minecraft:iron_axe":54,"minecraft:warped_nylium":6,"minecraft:basalt":98,"minecraft:bow":3,"minecraft:golden_carrot":2,"minecraft:soul_soil":19,"minecraft:sweet_berries":69,"minecraft:furnace":3,"minecraft:cooked_beef":9,"minecraft:potato":4,"minecraft:stone_pickaxe":67,"minecraft:blackstone":5,"minecraft:wooden_pickaxe":7,"minecraft:blue_bed":4,"minecraft:sand":7,"minecraft:crafting_table":12,"minecraft:diamond_pickaxe":888,"minecraft:bread":8,"minecraft:iron_pickaxe":34,"minecraft:gravel":2,"minecraft:stone_axe":104,"minecraft:diamond_sword":171,"minecraft:cobblestone":94,"minecraft:cooked_porkchop":7,"minecraft:andesite":8},"minecraft:dropped":{"minecraft:golden_boots":1,"minecraft:iron_ingot":12,"minecraft:iron_sword":2,"minecraft:porkchop":6,"minecraft:warped_fungus":2,"minecraft:cooked_porkchop":9,"minecraft:iron_helmet":1,"minecraft:warped_roots":6,"minecraft:iron_horse_armor":1,"minecraft:leather_helmet":1,"minecraft:dirt":1,"minecraft:golden_carrot":3,"minecraft:torch":14,"minecraft:iron_leggings":1,"minecraft:gold_nugget":11,"minecraft:iron_axe":1,"minecraft:iron_pickaxe":1,"minecraft:dandelion":1,"minecraft:stone_axe":1,"minecraft:iron_nugget":29,"minecraft:cooked_chicken":1,"minecraft:golden_chestplate":1,"minecraft:nether_wart":49,"minecraft:iron_boots":1,"minecraft:filled_map":2,"minecraft:leather_chestplate":3,"minecraft:potato":2,"minecraft:shield":1,"minecraft:iron_chestplate":1,"minecraft:oak_sapling":10,"minecraft:golden_sword":1,"minecraft:leather_leggings":1,"minecraft:wooden_pickaxe":2,"minecraft:bow":3,"minecraft:basalt":1,"minecraft:arrow":1,"minecraft:stone_pickaxe":1},"minecraft:custom":{"minecraft:mob_kills":147,"minecraft:interact_with_crafting_table":36,"minecraft:leave_game":12,"minecraft:time_since_death":129987,"minecraft:climb_one_cm":228,"minecraft:sprint_one_cm":768069,"minecraft:walk_one_cm":479559,"minecraft:drop":51,"minecraft:deaths":1,"minecraft:sneak_time":18864,"minecraft:walk_under_water_one_cm":6509,"minecraft:boat_one_cm":38338,"minecraft:jump":505,"minecraft:walk_on_water_one_cm":7064,"minecraft:interact_with_furnace":33,"minecraft:play_one_minute":134119,"minecraft:sleep_in_bed":3,"minecraft:time_since_rest":79239,"minecraft:damage_taken":2228,"minecraft:damage_dealt":25835,"minecraft:player_kills":1,"minecraft:swim_one_cm":22156,"minecraft:fly_one_cm":71903,"minecraft:open_chest":33,"minecraft:crouch_one_cm":78668,"minecraft:fall_one_cm":11174},"minecraft:broken":{"minecraft:golden_shovel":1,"minecraft:stone_axe":1,"minecraft:iron_sword":1},"minecraft:mined":{"minecraft:nether_gold_ore":14,"minecraft:spruce_planks":4,"minecraft:obsidian":3,"minecraft:nether_bricks":13,"minecraft:grass_block":9,"minecraft:spruce_leaves":30,"minecraft:nether_wart":22,"minecraft:large_fern":9,"minecraft:furnace":3,"minecraft:nether_sprouts":2,"minecraft:iron_ore":11,"minecraft:fire":18,"minecraft:andesite":7,"minecraft:gold_block":1,"minecraft:nether_brick_fence":3,"minecraft:stone":86,"minecraft:blackstone":5,"minecraft:soul_sand":32,"minecraft:soul_fire":8,"minecraft:basalt":168,"minecraft:crafting_table":6,"minecraft:warped_roots":4,"minecraft:chest":10,"minecraft:cobblestone":7,"minecraft:blue_bed":4,"minecraft:warped_nylium":15,"minecraft:sweet_berry_bush":20,"minecraft:spruce_log":58,"minecraft:warped_fungus":1,"minecraft:coal_ore":10,"minecraft:gravel":2,"minecraft:sand":4,"minecraft:dirt":22,"minecraft:netherrack":595,"minecraft:fern":3},"minecraft:killed":{"minecraft:spider":2,"minecraft:skeleton":10,"minecraft:chicken":1,"minecraft:magma_cube":38,"minecraft:piglin":4,"minecraft:pig":4,"minecraft:iron_golem":1,"minecraft:zombie":6,"minecraft:ghast":1,"minecraft:wither_skeleton":20,"minecraft:enderman":23,"minecraft:blaze":26,"minecraft:cow":5},"minecraft:picked_up":{"minecraft:crafting_table":5,"minecraft:iron_chestplate":2,"minecraft:nether_brick_fence":3,"minecraft:chicken":1,"minecraft:nether_wart":90,"minecraft:brown_mushroom":1,"minecraft:wooden_pickaxe":1,"minecraft:gold_block":1,"minecraft:shield":2,"minecraft:string":2,"minecraft:soul_soil":19,"minecraft:iron_axe":2,"minecraft:large_fern":1,"minecraft:iron_leggings":2,"minecraft:blackstone":5,"minecraft:gold_nugget":63,"minecraft:spruce_planks":15,"minecraft:beef":14,"minecraft:iron_nugget":15,"minecraft:iron_pickaxe":2,"minecraft:chest":7,"minecraft:iron_boots":2,"minecraft:furnace":3,"minecraft:stick":4,"minecraft:torch":22,"minecraft:porkchop":12,"minecraft:golden_chestplate":1,"minecraft:iron_horse_armor":2,"minecraft:arrow":8,"minecraft:rotten_flesh":6,"minecraft:nether_bricks":13,"minecraft:gold_ingot":4,"minecraft:blaze_rod":14,"minecraft:obsidian":3,"minecraft:cobblestone":118,"minecraft:cooked_beef":7,"minecraft:feather":2,"minecraft:basalt":163,"minecraft:golden_carrot":3,"minecraft:andesite":8,"minecraft:leather":4,"minecraft:potato":13,"minecraft:filled_map":2,"minecraft:wither_skeleton_skull":1,"minecraft:dirt":32,"minecraft:blue_bed":4,"minecraft:bone":33,"minecraft:bow":5,"minecraft:wheat_seeds":1,"minecraft:iron_ingot":30,"minecraft:stone_pickaxe":1,"minecraft:iron_ore":11,"minecraft:iron_sword":2,"minecraft:soul_sand":33,"minecraft:warped_fungus":2,"minecraft:cooked_porkchop":11,"minecraft:sweet_berries":33,"minecraft:quartz":14,"minecraft:dandelion":1,"minecraft:gravel":2,"minecraft:sand":7,"minecraft:spruce_sapling":11,"minecraft:spruce_log":77,"minecraft:diamond":3,"minecraft:spruce_boat":2,"minecraft:stone_axe":2,"minecraft:iron_helmet":2,"minecraft:bread":7,"minecraft:golden_horse_armor":1,"minecraft:warped_roots":10,"minecraft:netherrack":565,"minecraft:warped_nylium":7,"minecraft:coal":27,"minecraft:ender_pearl":13}},"DataVersion":2586}