{"stats":{"minecraft:used":{"minecraft:chest":8,"minecraft:shield":75,"minecraft:iron_sword":313,"minecraft:rotten_flesh":12,"minecraft:soul_sand":2,"minecraft:nether_bricks":13,"minecraft:carrot":5,"minecraft:obsidian":32,"minecraft:spruce_boat":5,"minecraft:warped_nylium":7,"minecraft:stone_bricks":12,"minecraft:bow":8,"minecraft:sweet_berries":69,"minecraft:furnace":12,"minecraft:potato":4,"minecraft:mossy_stone_bricks":6,"minecraft:diorite":8,"minecraft:stone_pickaxe":67,"minecraft:oak_planks":2,"minecraft:blackstone":66,"minecraft:ender_pearl":4,"minecraft:wooden_pickaxe":7,"minecraft:blue_bed":4,"minecraft:golden_apple":3,"minecraft:sand":7,"minecraft:end_stone":30,"minecraft:bread":22,"minecraft:gravel":25,"minecraft:diamond_sword":743,"minecraft:smithing_table":1,"minecraft:andesite":10,"minecraft:netherite_sword":7,"minecraft:iron_bars":2,"minecraft:enchanting_table":4,"minecraft:flint_and_steel":35,"minecraft:spruce_planks":62,"minecraft:netherrack":1272,"minecraft:dirt":21,"minecraft:anvil":2,"minecraft:golden_shovel":46,"minecraft:chipped_anvil":5,"minecraft:bookshelf":16,"minecraft:iron_axe":113,"minecraft:basalt":166,"minecraft:golden_carrot":8,"minecraft:soul_soil":19,"minecraft:cooked_beef":15,"minecraft:cooked_mutton":19,"minecraft:cracked_stone_bricks":4,"minecraft:polished_blackstone_bricks":14,"minecraft:tnt":1,"minecraft:crafting_table":17,"minecraft:white_bed":4,"minecraft:ender_eye":13,"minecraft:diamond_pickaxe":3327,"minecraft:iron_pickaxe":34,"minecraft:stone_axe":104,"minecraft:cobblestone":299,"minecraft:cooked_porkchop":17},"minecraft:dropped":{"minecraft:iron_sword":2,"minecraft:porkchop":8,"minecraft:warped_fungus":2,"minecraft:oak_log":9,"minecraft:ender_pearl":24,"minecraft:cooked_porkchop":21,"minecraft:warped_roots":25,"minecraft:iron_horse_armor":1,"minecraft:cracked_stone_bricks":2,"minecraft:leather_helmet":1,"minecraft:flint":7,"minecraft:gold_block":1,"minecraft:dirt":1,"minecraft:crimson_roots":1,"minecraft:cooked_cod":4,"minecraft:gold_nugget":19,"minecraft:iron_pickaxe":1,"minecraft:dark_oak_planks":1,"minecraft:fishing_rod":1,"minecraft:gold_ingot":2,"minecraft:bone":14,"minecraft:stone_axe":1,"minecraft:ancient_debris":3,"minecraft:iron_nugget":29,"minecraft:cooked_chicken":1,"minecraft:golden_chestplate":1,"minecraft:rotten_flesh":2,"minecraft:oak_planks":11,"minecraft:end_stone":48,"minecraft:glowstone_dust":11,"minecraft:cooked_mutton":1,"minecraft:nether_brick_fence":3,"minecraft:leather_chestplate":3,"minecraft:gunpowder":2,"minecraft:leather_leggings":1,"minecraft:basalt":39,"minecraft:iron_bars":6,"minecraft:arrow":4,"minecraft:crying_obsidian":1,"minecraft:netherrack":997,"minecraft:golden_boots":1,"minecraft:iron_ingot":12,"minecraft:wheat_seeds":1,"minecraft:golden_horse_armor":2,"minecraft:iron_helmet":2,"minecraft:cobblestone":3,"minecraft:book":1,"minecraft:apple":9,"minecraft:granite":24,"minecraft:coal":3,"minecraft:stick":18,"minecraft:golden_carrot":8,"minecraft:torch":14,"minecraft:iron_door":1,"minecraft:iron_leggings":3,"minecraft:heart_of_the_sea":1,"minecraft:iron_axe":1,"minecraft:string":5,"minecraft:dandelion":1,"minecraft:furnace":8,"minecraft:warped_nylium":1,"minecraft:netherite_ingot":1,"minecraft:nether_wart":49,"minecraft:iron_boots":2,"minecraft:name_tag":2,"minecraft:filled_map":2,"minecraft:potato":2,"minecraft:spruce_boat":1,"minecraft:shield":1,"minecraft:spruce_planks":38,"minecraft:diamond_pickaxe":2,"minecraft:iron_chestplate":2,"minecraft:mossy_stone_bricks":3,"minecraft:yellow_bed":1,"minecraft:oak_sapling":10,"minecraft:golden_sword":1,"minecraft:bow":5,"minecraft:stone_pickaxe":1,"minecraft:wooden_pickaxe":2,"minecraft:magma_block":2},"minecraft:mined":{"minecraft:dark_oak_planks":1,"minecraft:spruce_planks":6,"minecraft:white_bed":3,"minecraft:obsidian":26,"minecraft:granite":16,"minecraft:grass_block":10,"minecraft:cracked_polished_blackstone_bricks":24,"minecraft:crimson_fungus":1,"minecraft:nether_wart":22,"minecraft:spawner":2,"minecraft:polished_blackstone_bricks":35,"minecraft:magma_block":2,"minecraft:iron_ore":11,"minecraft:fire":44,"minecraft:anvil":1,"minecraft:enchanting_table":3,"minecraft:iron_bars":9,"minecraft:blackstone":87,"minecraft:crimson_nylium":5,"minecraft:soul_fire":8,"minecraft:chest":28,"minecraft:nether_quartz_ore":4,"minecraft:cobblestone":58,"minecraft:oak_planks":9,"minecraft:wall_torch":1,"minecraft:warped_nylium":39,"minecraft:dark_oak_slab":1,"minecraft:nether_wart_block":1,"minecraft:warped_fungus":1,"minecraft:infested_mossy_stone_bricks":1,"minecraft:sand":6,"minecraft:dirt":26,"minecraft:netherrack":2010,"minecraft:ancient_debris":7,"minecraft:nether_gold_ore":46,"minecraft:diamond_ore":39,"minecraft:crying_obsidian":1,"minecraft:end_stone":56,"minecraft:nether_bricks":13,"minecraft:crimson_roots":2,"minecraft:spruce_leaves":30,"minecraft:large_fern":9,"minecraft:furnace":7,"minecraft:nether_sprouts":2,"minecraft:andesite":31,"minecraft:gold_block":18,"minecraft:nether_brick_fence":3,"minecraft:bookshelf":25,"minecraft:stone":527,"minecraft:soul_sand":32,"minecraft:infested_stone_bricks":5,"minecraft:basalt":173,"minecraft:crafting_table":7,"minecraft:emerald_ore":2,"minecraft:warped_roots":6,"minecraft:tall_grass":1,"minecraft:lapis_ore":1,"minecraft:diorite":18,"minecraft:blue_bed":4,"minecraft:warped_wart_block":1,"minecraft:sweet_berry_bush":20,"minecraft:spruce_log":58,"minecraft:coal_ore":10,"minecraft:gravel":42,"minecraft:cobweb":1,"minecraft:cracked_stone_bricks":13,"minecraft:stone_bricks":28,"minecraft:mossy_stone_bricks":13,"minecraft:chipped_anvil":5,"minecraft:fern":3},"minecraft:custom":{"minecraft:interact_with_crafting_table":99,"minecraft:leave_game":27,"minecraft:time_since_death":335633,"minecraft:sprint_one_cm":1875396,"minecraft:drop":155,"minecraft:deaths":1,"minecraft:jump":554,"minecraft:walk_on_water_one_cm":17402,"minecraft:enchant_item":17,"minecraft:interact_with_furnace":81,"minecraft:play_one_minute":339950,"minecraft:sleep_in_bed":4,"minecraft:damage_dealt":58421,"minecraft:player_kills":2,"minecraft:crouch_one_cm":160666,"minecraft:interact_with_smithing_table":4,"minecraft:mob_kills":301,"minecraft:interact_with_anvil":13,"minecraft:climb_one_cm":1806,"minecraft:walk_one_cm":1142015,"minecraft:sneak_time":41977,"minecraft:walk_under_water_one_cm":8418,"minecraft:boat_one_cm":295981,"minecraft:time_since_rest":167244,"minecraft:damage_taken":4985,"minecraft:damage_absorbed":89,"minecraft:swim_one_cm":26514,"minecraft:fly_one_cm":2525123,"minecraft:open_chest":200,"minecraft:fall_one_cm":11174},"minecraft:picked_up":{"minecraft:iron_chestplate":3,"minecraft:nether_brick_fence":3,"minecraft:anvil":1,"minecraft:suspicious_stew":1,"minecraft:diamond_sword":1,"minecraft:string":12,"minecraft:soul_soil":19,"minecraft:cooked_salmon":2,"minecraft:iron_leggings":4,"minecraft:gold_nugget":71,"minecraft:bucket":2,"minecraft:spruce_planks":55,"minecraft:iron_pickaxe":3,"minecraft:furnace":15,"minecraft:iron_boots":3,"minecraft:stick":32,"minecraft:torch":27,"minecraft:porkchop":16,"minecraft:diorite":11,"minecraft:golden_chestplate":1,"minecraft:rotten_flesh":24,"minecraft:blaze_rod":14,"minecraft:obsidian":45,"minecraft:iron_bars":15,"minecraft:cobblestone":445,"minecraft:enchanting_table":3,"minecraft:magma_block":6,"minecraft:feather":2,"minecraft:cooked_beef":7,"minecraft:iron_door":1,"minecraft:andesite":25,"minecraft:potato":13,"minecraft:flint":11,"minecraft:wither_skeleton_skull":1,"minecraft:lapis_lazuli":48,"minecraft:dirt":32,"minecraft:name_tag":4,"minecraft:bone":56,"minecraft:chipped_anvil":5,"minecraft:bow":7,"minecraft:wheat_seeds":2,"minecraft:mossy_stone_bricks":11,"minecraft:glowstone_dust":11,"minecraft:oak_planks":67,"minecraft:cooked_porkchop":48,"minecraft:sand":8,"minecraft:diamond":50,"minecraft:spruce_boat":4,"minecraft:granite":24,"minecraft:golden_apple":1,"minecraft:golden_horse_armor":3,"minecraft:bread":36,"minecraft:netherrack":2946,"minecraft:crimson_roots":1,"minecraft:diamond_pickaxe":4,"minecraft:fishing_rod":4,"minecraft:crafting_table":6,"minecraft:chicken":1,"minecraft:nether_wart":90,"minecraft:brown_mushroom":1,"minecraft:wooden_pickaxe":1,"minecraft:gold_block":19,"minecraft:shield":3,"minecraft:large_fern":1,"minecraft:iron_axe":3,"minecraft:compass":1,"minecraft:blackstone":112,"minecraft:cracked_stone_bricks":12,"minecraft:beef":20,"minecraft:oak_boat":1,"minecraft:iron_nugget":15,"minecraft:chest":17,"minecraft:end_stone":103,"minecraft:fire_charge":2,"minecraft:polished_blackstone_bricks":14,"minecraft:iron_horse_armor":2,"minecraft:dark_oak_planks":1,"minecraft:tnt":1,"minecraft:arrow":45,"minecraft:cooked_cod":8,"minecraft:nether_bricks":13,"minecraft:diamond_boots":1,"minecraft:gold_ingot":27,"minecraft:mutton":19,"minecraft:basalt":205,"minecraft:golden_carrot":8,"minecraft:leather":11,"minecraft:filled_map":2,"minecraft:oak_log":38,"minecraft:ancient_debris":15,"minecraft:yellow_bed":1,"minecraft:gunpowder":2,"minecraft:blue_bed":4,"minecraft:paper":13,"minecraft:cooked_mutton":1,"minecraft:apple":9,"minecraft:stone_bricks":20,"minecraft:heart_of_the_sea":2,"minecraft:iron_ingot":40,"minecraft:stone_pickaxe":1,"minecraft:iron_ore":11,"minecraft:iron_sword":2,"minecraft:soul_sand":33,"minecraft:book":53,"minecraft:warped_fungus":2,"minecraft:dark_oak_slab":1,"minecraft:sweet_berries":33,"minecraft:quartz":18,"minecraft:dandelion":1,"minecraft:gravel":38,"minecraft:spruce_sapling":11,"minecraft:white_bed":4,"minecraft:spruce_log":77,"minecraft:crying_obsidian":1,"minecraft:stone_axe":2,"minecraft:iron_helmet":3,"minecraft:diamond_axe":1,"minecraft:warped_roots":25,"minecraft:warped_nylium":9,"minecraft:coal":69,"minecraft:ender_pearl":55},"minecraft:broken":{"minecraft:golden_shovel":1,"minecraft:stone_axe":1,"minecraft:iron_sword":1,"minecraft:shield":1},"minecraft:killed":{"minecraft:spider":5,"minecraft:skeleton":26,"minecraft:chicken":1,"minecraft:silverfish":32,"minecraft:piglin_brute":4,"minecraft:magma_cube":38,"minecraft:piglin":30,"minecraft:pig":4,"minecraft:iron_golem":1,"minecraft:creeper":6,"minecraft:zombie":23,"minecraft:ghast":1,"minecraft:blaze":26,"minecraft:cow":5,"minecraft:hoglin":1,"minecraft:wither_skeleton":20,"minecraft:enderman":64},"minecraft:crafted":{"minecraft:oak_planks":116,"minecraft:blaze_powder":14,"minecraft:cooked_chicken":1,"minecraft:diamond_shovel":1,"minecraft:bookshelf":18,"minecraft:cooked_mutton":19,"minecraft:diamond_helmet":1,"minecraft:bow":1,"minecraft:diamond_leggings":1,"minecraft:iron_boots":1,"minecraft:netherite_boots":1,"minecraft:chest":1,"minecraft:ender_eye":13,"minecraft:golden_boots":1,"minecraft:cooked_porkchop":7,"minecraft:crafting_table":11,"minecraft:spruce_planks":156,"minecraft:wooden_pickaxe":1,"minecraft:iron_helmet":1,"minecraft:smithing_table":1,"minecraft:gold_block":4,"minecraft:book":1,"minecraft:iron_chestplate":1,"minecraft:diamond_pickaxe":2,"minecraft:shield":2,"minecraft:stick":32,"minecraft:iron_ingot":83,"minecraft:iron_pickaxe":1,"minecraft:iron_block":3,"minecraft:gold_ingot":153,"minecraft:netherite_ingot":3,"minecraft:golden_carrot":8,"minecraft:wooden_sword":3,"minecraft:netherite_sword":1,"minecraft:furnace":11,"minecraft:flint_and_steel":1,"minecraft:iron_axe":2,"minecraft:stone_pickaxe":1,"minecraft:diamond_boots":1,"minecraft:spruce_boat":3,"minecraft:netherite_scrap":13,"minecraft:cooked_beef":8,"minecraft:diamond_sword":5,"minecraft:enchanting_table":2,"minecraft:iron_sword":2,"minecraft:bucket":1,"minecraft:stone_axe":1,"minecraft:air":0,"minecraft:bread":1,"minecraft:golden_apple":14,"minecraft:gold_nugget":81,"minecraft:iron_leggings":1,"minecraft:anvil":1,"minecraft:diamond_chestplate":1}},"DataVersion":2586}