{"stats":{"minecraft:used":{"minecraft:spruce_slab":3,"minecraft:poppy":1,"minecraft:chest":8,"minecraft:shield":65,"minecraft:iron_sword":654,"minecraft:rotten_flesh":2,"minecraft:soul_sand":10,"minecraft:nether_bricks":2,"minecraft:carrot":1,"minecraft:obsidian":10,"minecraft:spruce_boat":3,"minecraft:grass_block":1,"minecraft:bow":97,"minecraft:furnace":5,"minecraft:diorite":22,"minecraft:stone_pickaxe":58,"minecraft:oak_planks":103,"minecraft:blackstone":64,"minecraft:wooden_pickaxe":20,"minecraft:diamond_axe":12,"minecraft:blackstone_wall":1,"minecraft:bread":1,"minecraft:string":2,"minecraft:lectern":221,"minecraft:blackstone_slab":1,"minecraft:nether_wart_block":1,"minecraft:diamond_sword":181,"minecraft:andesite":5,"minecraft:oak_boat":4,"minecraft:stone_sword":45,"minecraft:flint_and_steel":6,"minecraft:wooden_shovel":2,"minecraft:netherrack":18,"minecraft:dirt":89,"minecraft:anvil":1,"minecraft:granite":9,"minecraft:chipped_anvil":6,"minecraft:bookshelf":1,"minecraft:iron_block":2,"minecraft:iron_axe":705,"minecraft:golden_carrot":6,"minecraft:beef":2,"minecraft:cooked_beef":55,"minecraft:water_bucket":2,"minecraft:iron_ore":8,"minecraft:fletching_table":3,"minecraft:polished_blackstone_bricks":1,"minecraft:gilded_blackstone":3,"minecraft:oak_slab":18,"minecraft:crafting_table":18,"minecraft:black_wool":1,"minecraft:ender_eye":2,"minecraft:diamond_pickaxe":802,"minecraft:diamond_shovel":36,"minecraft:cracked_polished_blackstone_bricks":8,"minecraft:chicken":6,"minecraft:iron_pickaxe":31,"minecraft:spruce_trapdoor":1,"minecraft:stone_axe":14,"minecraft:cobblestone":320,"minecraft:purple_bed":3,"minecraft:porkchop":2,"minecraft:cooked_porkchop":23,"minecraft:bucket":2},"minecraft:killed":{"minecraft:cave_spider":1,"minecraft:zombified_piglin":1,"minecraft:witch":1,"minecraft:spider":8,"minecraft:skeleton":17,"minecraft:chicken":15,"minecraft:piglin_brute":7,"minecraft:magma_cube":5,"minecraft:piglin":45,"minecraft:pig":28,"minecraft:creeper":3,"minecraft:sheep":26,"minecraft:zombie":27,"minecraft:blaze":31,"minecraft:cow":31,"minecraft:llama":1,"minecraft:drowned":1,"minecraft:hoglin":9,"minecraft:wither_skeleton":11,"minecraft:enderman":8},"minecraft:picked_up":{"minecraft:iron_chestplate":1,"minecraft:diamond_sword":1,"minecraft:gilded_blackstone":1,"minecraft:golden_sword":7,"minecraft:string":79,"minecraft:iron_leggings":1,"minecraft:gold_nugget":12,"minecraft:furnace":2,"minecraft:iron_boots":3,"minecraft:stick":3,"minecraft:porkchop":168,"minecraft:diorite":22,"minecraft:rotten_flesh":32,"minecraft:blackstone_wall":1,"minecraft:iron_block":2,"minecraft:glowstone":6,"minecraft:bookshelf":1,"minecraft:blaze_rod":64,"minecraft:obsidian":14,"minecraft:cobblestone":365,"minecraft:magma_cream":28,"minecraft:feather":13,"minecraft:cooked_beef":32,"minecraft:water_bucket":1,"minecraft:andesite":5,"minecraft:potato":1,"minecraft:flint":2,"minecraft:wither_skeleton_skull":3,"minecraft:lapis_lazuli":5,"minecraft:dirt":89,"minecraft:bone":44,"minecraft:chipped_anvil":6,"minecraft:bow":4,"minecraft:wheat_seeds":6,"minecraft:grindstone":2,"minecraft:fletching_table":3,"minecraft:glowstone_dust":13,"minecraft:oak_planks":25,"minecraft:cooked_porkchop":5,"minecraft:ink_sac":2,"minecraft:grass_block":2,"minecraft:spectral_arrow":7,"minecraft:iron_hoe":1,"minecraft:diamond":15,"minecraft:spruce_boat":3,"minecraft:cracked_polished_blackstone_bricks":12,"minecraft:granite":9,"minecraft:bread":1,"minecraft:piglin_banner_pattern":1,"minecraft:oak_sapling":4,"minecraft:netherrack":33,"minecraft:crimson_roots":1,"minecraft:diamond_pickaxe":2,"minecraft:crafting_table":9,"minecraft:chicken":20,"minecraft:nether_wart":114,"minecraft:gold_block":59,"minecraft:diamond_horse_armor":3,"minecraft:chain":12,"minecraft:shield":3,"minecraft:flint_and_steel":1,"minecraft:iron_axe":1,"minecraft:blackstone":64,"minecraft:beef":130,"minecraft:oak_boat":4,"minecraft:iron_nugget":2,"minecraft:poppy":2,"minecraft:spruce_slab":3,"minecraft:lectern":221,"minecraft:sugar_cane":12,"minecraft:chest":26,"minecraft:birch_sapling":1,"minecraft:spruce_trapdoor":1,"minecraft:polished_blackstone_bricks":8,"minecraft:arrow":293,"minecraft:nether_bricks":7,"minecraft:hay_block":1,"minecraft:gold_ingot":10,"minecraft:mutton":90,"minecraft:white_wool":24,"minecraft:bone_block":7,"minecraft:basalt":1,"minecraft:golden_carrot":16,"minecraft:crimson_stem":2,"minecraft:leather":49,"minecraft:blackstone_slab":2,"minecraft:red_mushroom":2,"minecraft:oak_log":322,"minecraft:golden_boots":1,"minecraft:nether_wart_block":1,"minecraft:gunpowder":2,"minecraft:blue_bed":1,"minecraft:apple":1,"minecraft:iron_ingot":41,"minecraft:stone_pickaxe":1,"minecraft:iron_ore":133,"minecraft:soul_sand":57,"minecraft:iron_sword":1,"minecraft:book":3,"minecraft:oak_slab":7,"minecraft:warped_fungus":1,"minecraft:sweet_berries":2,"minecraft:spruce_sapling":15,"minecraft:spruce_log":82,"minecraft:spider_eye":3,"minecraft:diamond_shovel":4,"minecraft:purple_bed":3,"minecraft:stone_axe":2,"minecraft:iron_helmet":1,"minecraft:diamond_axe":2,"minecraft:gray_wool":1,"minecraft:warped_roots":1,"minecraft:black_wool":1,"minecraft:warped_nylium":1,"minecraft:coal":154,"minecraft:ender_pearl":14},"minecraft:dropped":{"minecraft:crimson_stem":2,"minecraft:diamond_axe":2,"minecraft:warped_fungus":1,"minecraft:oak_log":9,"minecraft:crafting_table":2,"minecraft:cooked_porkchop":3,"minecraft:warped_roots":1,"minecraft:leather":46,"minecraft:emerald":1,"minecraft:cracked_polished_blackstone_bricks":2,"minecraft:crimson_roots":1,"minecraft:chain":6,"minecraft:gold_nugget":10,"minecraft:gilded_blackstone":1,"minecraft:polished_blackstone_bricks":1,"minecraft:gold_ingot":1,"minecraft:bone":5,"minecraft:stone_axe":2,"minecraft:sugar_cane":12,"minecraft:iron_nugget":3,"minecraft:birch_sapling":1,"minecraft:obsidian":10,"minecraft:rotten_flesh":4,"minecraft:grindstone":2,"minecraft:oak_planks":14,"minecraft:diamond_shovel":1,"minecraft:poppy":1,"minecraft:iron_ore":7,"minecraft:arrow":53,"minecraft:water_bucket":1,"minecraft:golden_boots":3,"minecraft:iron_ingot":2,"minecraft:oak_slab":1,"minecraft:wheat_seeds":6,"minecraft:golden_horse_armor":1,"minecraft:cobblestone":4,"minecraft:book":2,"minecraft:grass_block":1,"minecraft:stick":2,"minecraft:diamond_horse_armor":3,"minecraft:ink_sac":2,"minecraft:warped_nylium":1,"minecraft:stone_sword":1,"minecraft:wither_skeleton_skull":1,"minecraft:iron_boots":2,"minecraft:ender_eye":6,"minecraft:nether_bricks":5,"minecraft:hay_block":1,"minecraft:shield":1,"minecraft:piglin_banner_pattern":1,"minecraft:oak_sapling":4,"minecraft:wooden_shovel":1,"minecraft:golden_sword":4,"minecraft:spruce_log":10,"minecraft:bow":1,"minecraft:stone_pickaxe":1,"minecraft:wooden_pickaxe":1},"minecraft:crafted":{"minecraft:oak_planks":1060,"minecraft:blaze_powder":8,"minecraft:iron_boots":4,"minecraft:chest":2,"minecraft:ender_eye":8,"minecraft:golden_sword":1,"minecraft:oak_slab":12,"minecraft:wooden_shovel":1,"minecraft:emerald":65,"minecraft:cooked_porkchop":24,"minecraft:crafting_table":11,"minecraft:spruce_planks":288,"minecraft:wooden_pickaxe":1,"minecraft:iron_helmet":3,"minecraft:iron_chestplate":2,"minecraft:diamond_pickaxe":1,"minecraft:shield":1,"minecraft:stick":2284,"minecraft:iron_ingot":134,"minecraft:iron_pickaxe":2,"minecraft:iron_block":3,"minecraft:stone_sword":1,"minecraft:gold_ingot":1,"minecraft:furnace":3,"minecraft:iron_axe":3,"minecraft:stone_pickaxe":1,"minecraft:spruce_boat":1,"minecraft:cooked_beef":59,"minecraft:diamond_sword":1,"minecraft:iron_sword":2,"minecraft:stone_axe":1,"minecraft:enchanted_book":1,"minecraft:air":0,"minecraft:oak_boat":3,"minecraft:iron_leggings":3,"minecraft:anvil":1},"minecraft:killed_by":{"minecraft:piglin_brute":1,"minecraft:player":1},"minecraft:broken":{"minecraft:iron_boots":1,"minecraft:iron_chestplate":1,"minecraft:iron_sword":2,"minecraft:iron_axe":2,"minecraft:iron_helmet":2},"minecraft:custom":{"minecraft:interact_with_crafting_table":74,"minecraft:leave_game":19,"minecraft:time_since_death":45280,"minecraft:sprint_one_cm":1484154,"minecraft:drop":92,"minecraft:talked_to_villager":539,"minecraft:deaths":2,"minecraft:jump":800,"minecraft:walk_on_water_one_cm":21913,"minecraft:interact_with_furnace":61,"minecraft:traded_with_villager":66,"minecraft:play_one_minute":335799,"minecraft:sleep_in_bed":2,"minecraft:damage_dealt":45203,"minecraft:crouch_one_cm":179895,"minecraft:horse_one_cm":49917,"minecraft:mob_kills":278,"minecraft:interact_with_anvil":14,"minecraft:climb_one_cm":1464,"minecraft:walk_one_cm":813328,"minecraft:sneak_time":41092,"minecraft:walk_under_water_one_cm":3637,"minecraft:boat_one_cm":221269,"minecraft:time_since_rest":45996,"minecraft:damage_taken":6868,"minecraft:swim_one_cm":33556,"minecraft:fly_one_cm":124080,"minecraft:open_chest":93,"minecraft:fall_one_cm":13737},"minecraft:mined":{"minecraft:obsidian":12,"minecraft:spruce_trapdoor":1,"minecraft:granite":8,"minecraft:chiseled_polished_blackstone":3,"minecraft:grass_block":11,"minecraft:cracked_polished_blackstone_bricks":24,"minecraft:nether_wart":11,"minecraft:gilded_blackstone":3,"minecraft:spawner":1,"minecraft:polished_blackstone_bricks":28,"minecraft:weeping_vines_plant":2,"minecraft:magma_block":3,"minecraft:glowstone":4,"minecraft:iron_ore":128,"minecraft:fire":19,"minecraft:fletching_table":3,"minecraft:iron_block":2,"minecraft:spruce_slab":2,"minecraft:tripwire":2,"minecraft:blackstone":99,"minecraft:crimson_nylium":4,"minecraft:poppy":1,"minecraft:chest":25,"minecraft:cobblestone":84,"minecraft:sugar_cane":5,"minecraft:oak_planks":5,"minecraft:nether_wart_block":4,"minecraft:grass":24,"minecraft:oak_log":319,"minecraft:dirt":37,"minecraft:netherrack":49,"minecraft:oak_leaves":63,"minecraft:blackstone_wall":1,"minecraft:nether_bricks":6,"minecraft:crimson_roots":2,"minecraft:spruce_leaves":28,"minecraft:crimson_stem":2,"minecraft:large_fern":2,"minecraft:hay_block":1,"minecraft:furnace":2,"minecraft:nether_sprouts":1,"minecraft:andesite":5,"minecraft:gold_block":28,"minecraft:bookshelf":1,"minecraft:stone":233,"minecraft:oak_slab":6,"minecraft:glass_pane":2,"minecraft:soul_sand":32,"minecraft:infested_stone_bricks":1,"minecraft:basalt":2,"minecraft:spruce_door":1,"minecraft:crafting_table":9,"minecraft:blackstone_slab":2,"minecraft:lectern":219,"minecraft:tall_grass":2,"minecraft:polished_blackstone_brick_stairs":1,"minecraft:diorite":19,"minecraft:blue_bed":1,"minecraft:purple_bed":3,"minecraft:sweet_berry_bush":2,"minecraft:spruce_log":85,"minecraft:birch_leaves":3,"minecraft:bee_nest":1,"minecraft:grass_path":2,"minecraft:black_wool":1,"minecraft:coal_ore":99,"minecraft:cobweb":28,"minecraft:stone_bricks":1,"minecraft:chipped_anvil":7}},"DataVersion":2586}