{"stats":{"minecraft:custom":{"minecraft:interact_with_anvil":5,"minecraft:mob_kills":221,"minecraft:interact_with_crafting_table":77,"minecraft:leave_game":21,"minecraft:time_since_death":233009,"minecraft:climb_one_cm":1806,"minecraft:sprint_one_cm":1147518,"minecraft:walk_one_cm":743013,"minecraft:drop":119,"minecraft:sneak_time":28189,"minecraft:deaths":1,"minecraft:walk_under_water_one_cm":8418,"minecraft:boat_one_cm":295981,"minecraft:jump":505,"minecraft:walk_on_water_one_cm":17159,"minecraft:enchant_item":12,"minecraft:interact_with_furnace":53,"minecraft:play_one_minute":237141,"minecraft:sleep_in_bed":4,"minecraft:time_since_rest":64435,"minecraft:damage_taken":2659,"minecraft:damage_dealt":40602,"minecraft:player_kills":1,"minecraft:swim_one_cm":26514,"minecraft:fly_one_cm":77772,"minecraft:open_chest":112,"minecraft:crouch_one_cm":103296,"minecraft:fall_one_cm":11174},"minecraft:mined":{"minecraft:nether_gold_ore":14,"minecraft:white_bed":3,"minecraft:diamond_ore":32,"minecraft:crying_obsidian":1,"minecraft:spruce_planks":6,"minecraft:obsidian":26,"minecraft:granite":16,"minecraft:nether_bricks":13,"minecraft:grass_block":10,"minecraft:crimson_roots":1,"minecraft:spruce_leaves":30,"minecraft:nether_wart":22,"minecraft:spawner":2,"minecraft:large_fern":9,"minecraft:polished_blackstone_bricks":1,"minecraft:magma_block":2,"minecraft:furnace":7,"minecraft:iron_ore":11,"minecraft:nether_sprouts":2,"minecraft:fire":34,"minecraft:andesite":29,"minecraft:anvil":1,"minecraft:enchanting_table":2,"minecraft:gold_block":2,"minecraft:nether_brick_fence":3,"minecraft:iron_bars":4,"minecraft:bookshelf":25,"minecraft:stone":429,"minecraft:infested_stone_bricks":3,"minecraft:soul_sand":32,"minecraft:blackstone":5,"minecraft:soul_fire":8,"minecraft:basalt":173,"minecraft:crafting_table":7,"minecraft:emerald_ore":1,"minecraft:warped_roots":6,"minecraft:chest":23,"minecraft:tall_grass":1,"minecraft:cobblestone":25,"minecraft:lapis_ore":1,"minecraft:oak_planks":7,"minecraft:diorite":10,"minecraft:blue_bed":4,"minecraft:warped_wart_block":1,"minecraft:warped_nylium":39,"minecraft:dark_oak_slab":1,"minecraft:sweet_berry_bush":20,"minecraft:spruce_log":58,"minecraft:warped_fungus":1,"minecraft:infested_mossy_stone_bricks":1,"minecraft:coal_ore":10,"minecraft:sand":6,"minecraft:gravel":16,"minecraft:dirt":26,"minecraft:cobweb":1,"minecraft:cracked_stone_bricks":4,"minecraft:stone_bricks":15,"minecraft:netherrack":837,"minecraft:mossy_stone_bricks":6,"minecraft:chipped_anvil":1,"minecraft:fern":3,"minecraft:dark_oak_planks":1},"minecraft:broken":{"minecraft:golden_shovel":1,"minecraft:stone_axe":1,"minecraft:iron_sword":1},"minecraft:killed":{"minecraft:spider":5,"minecraft:skeleton":26,"minecraft:chicken":1,"minecraft:silverfish":13,"minecraft:magma_cube":38,"minecraft:piglin":8,"minecraft:pig":4,"minecraft:iron_golem":1,"minecraft:creeper":6,"minecraft:zombie":23,"minecraft:ghast":1,"minecraft:wither_skeleton":20,"minecraft:blaze":26,"minecraft:enderman":37,"minecraft:cow":5},"minecraft:crafted":{"minecraft:golden_carrot":8,"minecraft:oak_planks":116,"minecraft:blaze_powder":10,"minecraft:cooked_chicken":1,"minecraft:furnace":6,"minecraft:bookshelf":18,"minecraft:cooked_mutton":19,"minecraft:diamond_helmet":1,"minecraft:diamond_leggings":1,"minecraft:iron_boots":1,"minecraft:iron_axe":2,"minecraft:stone_pickaxe":1,"minecraft:chest":1,"minecraft:diamond_boots":1,"minecraft:spruce_boat":3,"minecraft:ender_eye":10,"minecraft:golden_boots":1,"minecraft:cooked_beef":8,"minecraft:diamond_sword":4,"minecraft:cooked_porkchop":7,"minecraft:crafting_table":11,"minecraft:spruce_planks":156,"minecraft:enchanting_table":1,"minecraft:iron_helmet":1,"minecraft:wooden_pickaxe":1,"minecraft:iron_sword":2,"minecraft:stone_axe":1,"minecraft:air":0,"minecraft:bread":1,"minecraft:iron_chestplate":1,"minecraft:book":1,"minecraft:diamond_pickaxe":1,"minecraft:golden_apple":3,"minecraft:gold_nugget":81,"minecraft:shield":1,"minecraft:stick":24,"minecraft:iron_ingot":74,"minecraft:iron_pickaxe":1,"minecraft:iron_block":3,"minecraft:iron_leggings":1,"minecraft:gold_ingot":15,"minecraft:anvil":1,"minecraft:diamond_chestplate":1},"minecraft:dropped":{"minecraft:golden_boots":1,"minecraft:iron_ingot":12,"minecraft:iron_sword":2,"minecraft:porkchop":8,"minecraft:wheat_seeds":1,"minecraft:warped_fungus":2,"minecraft:oak_log":9,"minecraft:ender_pearl":24,"minecraft:golden_horse_armor":2,"minecraft:cooked_porkchop":21,"minecraft:cobblestone":3,"minecraft:iron_helmet":2,"minecraft:warped_roots":25,"minecraft:iron_horse_armor":1,"minecraft:cracked_stone_bricks":2,"minecraft:coal":3,"minecraft:leather_helmet":1,"minecraft:flint":7,"minecraft:stick":18,"minecraft:gold_block":1,"minecraft:dirt":1,"minecraft:golden_carrot":8,"minecraft:torch":14,"minecraft:cooked_cod":4,"minecraft:iron_leggings":3,"minecraft:gold_nugget":19,"minecraft:heart_of_the_sea":1,"minecraft:iron_axe":1,"minecraft:iron_pickaxe":1,"minecraft:dark_oak_planks":1,"minecraft:dandelion":1,"minecraft:bone":9,"minecraft:furnace":8,"minecraft:stone_axe":1,"minecraft:warped_nylium":1,"minecraft:golden_chestplate":1,"minecraft:iron_nugget":29,"minecraft:cooked_chicken":1,"minecraft:netherite_ingot":1,"minecraft:nether_wart":49,"minecraft:rotten_flesh":2,"minecraft:iron_boots":2,"minecraft:oak_planks":11,"minecraft:name_tag":2,"minecraft:cooked_mutton":1,"minecraft:nether_brick_fence":3,"minecraft:filled_map":2,"minecraft:leather_chestplate":3,"minecraft:potato":2,"minecraft:spruce_boat":1,"minecraft:shield":1,"minecraft:gunpowder":2,"minecraft:spruce_planks":38,"minecraft:iron_chestplate":2,"minecraft:mossy_stone_bricks":1,"minecraft:oak_sapling":10,"minecraft:golden_sword":1,"minecraft:leather_leggings":1,"minecraft:iron_bars":4,"minecraft:bow":5,"minecraft:basalt":39,"minecraft:arrow":4,"minecraft:stone_pickaxe":1,"minecraft:wooden_pickaxe":2,"minecraft:crying_obsidian":1,"minecraft:netherrack":106},"minecraft:picked_up":{"minecraft:fishing_rod":3,"minecraft:iron_chestplate":3,"minecraft:crafting_table":6,"minecraft:chicken":1,"minecraft:nether_brick_fence":3,"minecraft:nether_wart":90,"minecraft:anvil":1,"minecraft:suspicious_stew":1,"minecraft:brown_mushroom":1,"minecraft:wooden_pickaxe":1,"minecraft:gold_block":3,"minecraft:shield":3,"minecraft:cooked_salmon":2,"minecraft:string":9,"minecraft:soul_soil":19,"minecraft:iron_axe":3,"minecraft:large_fern":1,"minecraft:iron_leggings":4,"minecraft:compass":1,"minecraft:blackstone":5,"minecraft:cracked_stone_bricks":3,"minecraft:gold_nugget":71,"minecraft:bucket":2,"minecraft:spruce_planks":55,"minecraft:beef":20,"minecraft:iron_nugget":15,"minecraft:iron_pickaxe":3,"minecraft:chest":15,"minecraft:iron_boots":3,"minecraft:furnace":15,"minecraft:stick":19,"minecraft:torch":22,"minecraft:porkchop":16,"minecraft:diorite":3,"minecraft:golden_chestplate":1,"minecraft:iron_horse_armor":2,"minecraft:dark_oak_planks":1,"minecraft:tnt":1,"minecraft:arrow":45,"minecraft:rotten_flesh":24,"minecraft:cooked_cod":8,"minecraft:nether_bricks":13,"minecraft:gold_ingot":19,"minecraft:blaze_rod":14,"minecraft:iron_bars":6,"minecraft:obsidian":44,"minecraft:mutton":19,"minecraft:cobblestone":316,"minecraft:enchanting_table":2,"minecraft:magma_block":2,"minecraft:cooked_beef":7,"minecraft:feather":2,"minecraft:basalt":205,"minecraft:golden_carrot":8,"minecraft:andesite":23,"minecraft:leather":11,"minecraft:potato":13,"minecraft:filled_map":2,"minecraft:flint":10,"minecraft:oak_log":38,"minecraft:gunpowder":2,"minecraft:wither_skeleton_skull":1,"minecraft:lapis_lazuli":48,"minecraft:blue_bed":4,"minecraft:dirt":32,"minecraft:paper":13,"minecraft:name_tag":4,"minecraft:cooked_mutton":1,"minecraft:bone":51,"minecraft:chipped_anvil":1,"minecraft:stone_bricks":8,"minecraft:bow":6,"minecraft:wheat_seeds":2,"minecraft:heart_of_the_sea":2,"minecraft:iron_ingot":40,"minecraft:stone_pickaxe":1,"minecraft:iron_ore":11,"minecraft:mossy_stone_bricks":4,"minecraft:iron_sword":2,"minecraft:oak_planks":15,"minecraft:soul_sand":33,"minecraft:book":52,"minecraft:warped_fungus":2,"minecraft:dark_oak_slab":1,"minecraft:cooked_porkchop":35,"minecraft:sweet_berries":33,"minecraft:quartz":14,"minecraft:dandelion":1,"minecraft:gravel":2,"minecraft:sand":8,"minecraft:spruce_sapling":11,"minecraft:white_bed":4,"minecraft:spruce_log":77,"minecraft:crying_obsidian":1,"minecraft:diamond":42,"minecraft:spruce_boat":4,"minecraft:stone_axe":2,"minecraft:iron_helmet":3,"minecraft:warped_roots":25,"minecraft:golden_horse_armor":3,"minecraft:bread":36,"minecraft:crimson_roots":1,"minecraft:netherrack":908,"minecraft:warped_nylium":9,"minecraft:coal":69,"minecraft:diamond_pickaxe":1,"minecraft:ender_pearl":38},"minecraft:used":{"minecraft:enchanting_table":2,"minecraft:flint_and_steel":25,"minecraft:chest":7,"minecraft:spruce_planks":62,"minecraft:shield":43,"minecraft:iron_sword":313,"minecraft:rotten_flesh":12,"minecraft:netherrack":623,"minecraft:soul_sand":2,"minecraft:dirt":21,"minecraft:anvil":2,"minecraft:nether_bricks":13,"minecraft:carrot":5,"minecraft:golden_shovel":46,"minecraft:obsidian":32,"minecraft:spruce_boat":5,"minecraft:iron_axe":104,"minecraft:warped_nylium":7,"minecraft:stone_bricks":5,"minecraft:basalt":166,"minecraft:bow":3,"minecraft:golden_carrot":6,"minecraft:soul_soil":19,"minecraft:sweet_berries":69,"minecraft:furnace":7,"minecraft:cooked_beef":15,"minecraft:potato":4,"minecraft:stone_pickaxe":67,"minecraft:oak_planks":1,"minecraft:blackstone":5,"minecraft:wooden_pickaxe":7,"minecraft:blue_bed":4,"minecraft:sand":7,"minecraft:crafting_table":17,"minecraft:white_bed":4,"minecraft:ender_eye":10,"minecraft:diamond_pickaxe":1699,"minecraft:iron_pickaxe":34,"minecraft:bread":8,"minecraft:gravel":2,"minecraft:stone_axe":104,"minecraft:diamond_sword":394,"minecraft:cobblestone":223,"minecraft:cooked_porkchop":9,"minecraft:andesite":8}},"DataVersion":2586}