{"stats":{"minecraft:killed":{"minecraft:cave_spider":1,"minecraft:zombified_piglin":1,"minecraft:witch":1,"minecraft:spider":6,"minecraft:skeleton":15,"minecraft:chicken":15,"minecraft:llama":1,"minecraft:drowned":1,"minecraft:piglin_brute":7,"minecraft:magma_cube":5,"minecraft:piglin":39,"minecraft:pig":28,"minecraft:hoglin":9,"minecraft:creeper":3,"minecraft:sheep":26,"minecraft:zombie":25,"minecraft:wither_skeleton":9,"minecraft:blaze":28,"minecraft:enderman":1,"minecraft:cow":31},"minecraft:used":{"minecraft:stone_sword":45,"minecraft:flint_and_steel":6,"minecraft:spruce_slab":3,"minecraft:poppy":1,"minecraft:chest":8,"minecraft:shield":61,"minecraft:iron_sword":601,"minecraft:wooden_shovel":2,"minecraft:rotten_flesh":2,"minecraft:netherrack":11,"minecraft:soul_sand":5,"minecraft:dirt":89,"minecraft:anvil":1,"minecraft:obsidian":10,"minecraft:granite":9,"minecraft:spruce_boat":3,"minecraft:chipped_anvil":6,"minecraft:bookshelf":1,"minecraft:iron_block":2,"minecraft:iron_axe":702,"minecraft:grass_block":1,"minecraft:golden_carrot":6,"minecraft:beef":2,"minecraft:bow":84,"minecraft:furnace":5,"minecraft:cooked_beef":33,"minecraft:iron_ore":8,"minecraft:water_bucket":2,"minecraft:diorite":22,"minecraft:oak_planks":53,"minecraft:stone_pickaxe":58,"minecraft:blackstone":64,"minecraft:wooden_pickaxe":20,"minecraft:diamond_axe":12,"minecraft:fletching_table":3,"minecraft:polished_blackstone_bricks":1,"minecraft:gilded_blackstone":3,"minecraft:oak_slab":18,"minecraft:crafting_table":15,"minecraft:blackstone_wall":1,"minecraft:black_wool":1,"minecraft:diamond_pickaxe":791,"minecraft:diamond_shovel":36,"minecraft:chicken":6,"minecraft:cracked_polished_blackstone_bricks":8,"minecraft:iron_pickaxe":31,"minecraft:bread":1,"minecraft:string":2,"minecraft:lectern":221,"minecraft:spruce_trapdoor":1,"minecraft:stone_axe":14,"minecraft:blackstone_slab":1,"minecraft:nether_wart_block":1,"minecraft:diamond_sword":137,"minecraft:cobblestone":320,"minecraft:purple_bed":3,"minecraft:porkchop":2,"minecraft:cooked_porkchop":21,"minecraft:andesite":5,"minecraft:bucket":2,"minecraft:oak_boat":2},"minecraft:picked_up":{"minecraft:iron_chestplate":1,"minecraft:crafting_table":8,"minecraft:chicken":20,"minecraft:nether_wart":114,"minecraft:diamond_sword":1,"minecraft:gold_block":59,"minecraft:diamond_horse_armor":3,"minecraft:gilded_blackstone":1,"minecraft:chain":12,"minecraft:shield":3,"minecraft:golden_sword":3,"minecraft:iron_axe":1,"minecraft:string":79,"minecraft:flint_and_steel":1,"minecraft:iron_leggings":1,"minecraft:blackstone":64,"minecraft:gold_nugget":12,"minecraft:beef":130,"minecraft:oak_boat":3,"minecraft:iron_nugget":2,"minecraft:poppy":2,"minecraft:spruce_slab":3,"minecraft:lectern":221,"minecraft:sugar_cane":12,"minecraft:chest":26,"minecraft:spruce_trapdoor":1,"minecraft:iron_boots":3,"minecraft:furnace":2,"minecraft:stick":3,"minecraft:porkchop":168,"minecraft:polished_blackstone_bricks":8,"minecraft:diorite":22,"minecraft:arrow":291,"minecraft:rotten_flesh":32,"minecraft:nether_bricks":5,"minecraft:blackstone_wall":1,"minecraft:hay_block":1,"minecraft:iron_block":2,"minecraft:glowstone":6,"minecraft:bookshelf":1,"minecraft:gold_ingot":10,"minecraft:blaze_rod":27,"minecraft:obsidian":14,"minecraft:mutton":90,"minecraft:bone_block":7,"minecraft:white_wool":24,"minecraft:cobblestone":365,"minecraft:red_mushroom":2,"minecraft:golden_carrot":16,"minecraft:basalt":1,"minecraft:feather":13,"minecraft:cooked_beef":32,"minecraft:magma_cream":28,"minecraft:crimson_stem":2,"minecraft:water_bucket":1,"minecraft:andesite":5,"minecraft:leather":49,"minecraft:blackstone_slab":2,"minecraft:potato":1,"minecraft:flint":2,"minecraft:oak_log":322,"minecraft:golden_boots":1,"minecraft:nether_wart_block":1,"minecraft:gunpowder":2,"minecraft:wither_skeleton_skull":3,"minecraft:lapis_lazuli":5,"minecraft:dirt":89,"minecraft:blue_bed":1,"minecraft:bone":44,"minecraft:chipped_anvil":6,"minecraft:apple":1,"minecraft:bow":3,"minecraft:wheat_seeds":6,"minecraft:iron_ingot":41,"minecraft:grindstone":2,"minecraft:stone_pickaxe":1,"minecraft:iron_ore":133,"minecraft:fletching_table":3,"minecraft:glowstone_dust":13,"minecraft:iron_sword":1,"minecraft:oak_planks":25,"minecraft:soul_sand":55,"minecraft:book":3,"minecraft:oak_slab":7,"minecraft:cooked_porkchop":5,"minecraft:sweet_berries":2,"minecraft:spruce_sapling":15,"minecraft:ink_sac":2,"minecraft:spruce_log":82,"minecraft:grass_block":2,"minecraft:iron_hoe":1,"minecraft:spectral_arrow":7,"minecraft:spider_eye":3,"minecraft:diamond_shovel":4,"minecraft:purple_bed":3,"minecraft:spruce_boat":3,"minecraft:diamond":15,"minecraft:stone_axe":2,"minecraft:iron_helmet":1,"minecraft:cracked_polished_blackstone_bricks":12,"minecraft:granite":9,"minecraft:diamond_axe":2,"minecraft:gray_wool":1,"minecraft:bread":1,"minecraft:piglin_banner_pattern":1,"minecraft:oak_sapling":4,"minecraft:black_wool":1,"minecraft:netherrack":26,"minecraft:coal":154,"minecraft:diamond_pickaxe":2,"minecraft:crimson_roots":1,"minecraft:ender_pearl":1},"minecraft:dropped":{"minecraft:crimson_stem":2,"minecraft:water_bucket":1,"minecraft:golden_boots":2,"minecraft:iron_ingot":2,"minecraft:oak_slab":1,"minecraft:wheat_seeds":6,"minecraft:diamond_axe":2,"minecraft:oak_log":9,"minecraft:golden_horse_armor":1,"minecraft:crafting_table":2,"minecraft:cooked_porkchop":3,"minecraft:cobblestone":4,"minecraft:book":2,"minecraft:leather":46,"minecraft:grass_block":1,"minecraft:stick":2,"minecraft:emerald":1,"minecraft:cracked_polished_blackstone_bricks":2,"minecraft:diamond_horse_armor":3,"minecraft:ink_sac":2,"minecraft:crimson_roots":1,"minecraft:chain":6,"minecraft:gold_nugget":10,"minecraft:gilded_blackstone":1,"minecraft:polished_blackstone_bricks":1,"minecraft:gold_ingot":1,"minecraft:bone":5,"minecraft:stone_axe":2,"minecraft:sugar_cane":12,"minecraft:iron_nugget":3,"minecraft:stone_sword":1,"minecraft:obsidian":1,"minecraft:rotten_flesh":4,"minecraft:grindstone":2,"minecraft:wither_skeleton_skull":1,"minecraft:oak_planks":12,"minecraft:iron_boots":2,"minecraft:diamond_shovel":1,"minecraft:nether_bricks":5,"minecraft:poppy":1,"minecraft:hay_block":1,"minecraft:shield":1,"minecraft:piglin_banner_pattern":1,"minecraft:oak_sapling":4,"minecraft:wooden_shovel":1,"minecraft:golden_sword":1,"minecraft:spruce_log":10,"minecraft:iron_ore":7,"minecraft:arrow":53,"minecraft:stone_pickaxe":1,"minecraft:wooden_pickaxe":1},"minecraft:crafted":{"minecraft:oak_planks":1004,"minecraft:furnace":3,"minecraft:iron_boots":2,"minecraft:iron_axe":3,"minecraft:stone_pickaxe":1,"minecraft:chest":2,"minecraft:spruce_boat":1,"minecraft:cooked_beef":59,"minecraft:oak_slab":12,"minecraft:wooden_shovel":1,"minecraft:diamond_sword":1,"minecraft:emerald":65,"minecraft:cooked_porkchop":24,"minecraft:crafting_table":9,"minecraft:spruce_planks":288,"minecraft:wooden_pickaxe":1,"minecraft:iron_helmet":2,"minecraft:iron_sword":2,"minecraft:stone_axe":1,"minecraft:enchanted_book":1,"minecraft:air":0,"minecraft:oak_boat":2,"minecraft:iron_chestplate":2,"minecraft:diamond_pickaxe":1,"minecraft:shield":1,"minecraft:stick":2284,"minecraft:iron_ingot":134,"minecraft:iron_pickaxe":2,"minecraft:iron_block":3,"minecraft:stone_sword":1,"minecraft:iron_leggings":1,"minecraft:gold_ingot":1,"minecraft:anvil":1},"minecraft:killed_by":{"minecraft:player":1,"minecraft:piglin_brute":1},"minecraft:broken":{"minecraft:iron_boots":1,"minecraft:iron_chestplate":1,"minecraft:iron_axe":2,"minecraft:iron_sword":2,"minecraft:iron_helmet":1},"minecraft:mined":{"minecraft:blackstone_wall":1,"minecraft:obsidian":12,"minecraft:spruce_trapdoor":1,"minecraft:granite":8,"minecraft:chiseled_polished_blackstone":3,"minecraft:grass_block":11,"minecraft:crimson_roots":2,"minecraft:cracked_polished_blackstone_bricks":24,"minecraft:spruce_leaves":28,"minecraft:spawner":1,"minecraft:nether_wart":11,"minecraft:crimson_stem":2,"minecraft:gilded_blackstone":3,"minecraft:hay_block":1,"minecraft:large_fern":2,"minecraft:polished_blackstone_bricks":28,"minecraft:weeping_vines_plant":2,"minecraft:magma_block":3,"minecraft:glowstone":4,"minecraft:furnace":2,"minecraft:iron_ore":128,"minecraft:fire":14,"minecraft:andesite":5,"minecraft:fletching_table":3,"minecraft:gold_block":28,"minecraft:bookshelf":1,"minecraft:stone":233,"minecraft:iron_block":2,"minecraft:spruce_slab":2,"minecraft:tripwire":2,"minecraft:oak_slab":6,"minecraft:glass_pane":2,"minecraft:soul_sand":30,"minecraft:blackstone":99,"minecraft:crimson_nylium":4,"minecraft:basalt":2,"minecraft:spruce_door":1,"minecraft:crafting_table":8,"minecraft:blackstone_slab":2,"minecraft:poppy":1,"minecraft:chest":25,"minecraft:lectern":219,"minecraft:tall_grass":2,"minecraft:cobblestone":84,"minecraft:polished_blackstone_brick_stairs":1,"minecraft:oak_planks":5,"minecraft:sugar_cane":5,"minecraft:diorite":19,"minecraft:blue_bed":1,"minecraft:purple_bed":3,"minecraft:nether_wart_block":4,"minecraft:sweet_berry_bush":2,"minecraft:spruce_log":85,"minecraft:birch_leaves":1,"minecraft:grass_path":2,"minecraft:black_wool":1,"minecraft:grass":21,"minecraft:coal_ore":99,"minecraft:oak_log":319,"minecraft:dirt":37,"minecraft:cobweb":27,"minecraft:netherrack":45,"minecraft:chipped_anvil":7,"minecraft:oak_leaves":63},"minecraft:custom":{"minecraft:interact_with_anvil":11,"minecraft:mob_kills":252,"minecraft:interact_with_crafting_table":66,"minecraft:leave_game":15,"minecraft:time_since_death":7462,"minecraft:climb_one_cm":357,"minecraft:sprint_one_cm":1228719,"minecraft:walk_one_cm":705014,"minecraft:drop":80,"minecraft:talked_to_villager":539,"minecraft:deaths":2,"minecraft:sneak_time":38223,"minecraft:walk_under_water_one_cm":1429,"minecraft:boat_one_cm":124975,"minecraft:jump":767,"minecraft:walk_on_water_one_cm":12933,"minecraft:interact_with_furnace":61,"minecraft:traded_with_villager":66,"minecraft:play_one_minute":297981,"minecraft:sleep_in_bed":2,"minecraft:time_since_rest":8178,"minecraft:damage_taken":4879,"minecraft:damage_dealt":38999,"minecraft:swim_one_cm":4482,"minecraft:fly_one_cm":122565,"minecraft:open_chest":84,"minecraft:crouch_one_cm":169858,"minecraft:fall_one_cm":13737,"minecraft:horse_one_cm":49917}},"DataVersion":2586}