{"stats":{"minecraft:killed":{"minecraft:cave_spider":1,"minecraft:witch":1,"minecraft:spider":5,"minecraft:horse":1,"minecraft:skeleton":10,"minecraft:silverfish":3,"minecraft:cat":1,"minecraft:piglin":6,"minecraft:pig":9,"minecraft:iron_golem":2,"minecraft:wandering_trader":2,"minecraft:sheep":5,"minecraft:trader_llama":4,"minecraft:zombie":25,"minecraft:villager":1,"minecraft:enderman":1,"minecraft:cow":12},"minecraft:custom":{"minecraft:mob_kills":91,"minecraft:interact_with_crafting_table":63,"minecraft:bell_ring":1,"minecraft:leave_game":9,"minecraft:time_since_death":78338,"minecraft:climb_one_cm":492,"minecraft:sprint_one_cm":612654,"minecraft:walk_one_cm":475186,"minecraft:drop":141,"minecraft:talked_to_villager":420,"minecraft:deaths":7,"minecraft:sneak_time":37225,"minecraft:walk_under_water_one_cm":2820,"minecraft:boat_one_cm":35733,"minecraft:jump":4515,"minecraft:walk_on_water_one_cm":32950,"minecraft:interact_with_furnace":82,"minecraft:traded_with_villager":58,"minecraft:play_one_minute":387171,"minecraft:sleep_in_bed":7,"minecraft:time_since_rest":78370,"minecraft:damage_taken":3737,"minecraft:damage_dealt":17224,"minecraft:player_kills":2,"minecraft:swim_one_cm":9468,"minecraft:fly_one_cm":1458137,"minecraft:pig_one_cm":45878,"minecraft:open_chest":14,"minecraft:crouch_one_cm":86392,"minecraft:fall_one_cm":111608,"minecraft:horse_one_cm":757560},"minecraft:killed_by":{"minecraft:player":1,"minecraft:piglin_brute":1,"minecraft:creeper":1,"minecraft:zombie":2},"minecraft:mined":{"minecraft:diamond_ore":45,"minecraft:spruce_planks":13,"minecraft:mossy_cobblestone":1,"minecraft:dark_oak_log":8,"minecraft:brewing_stand":1,"minecraft:obsidian":6,"minecraft:granite":66,"minecraft:grass_block":41,"minecraft:spruce_leaves":28,"minecraft:composter":1,"minecraft:spawner":1,"minecraft:large_fern":2,"minecraft:hay_block":58,"minecraft:polished_blackstone_bricks":1,"minecraft:redstone_ore":9,"minecraft:furnace":5,"minecraft:carrots":2,"minecraft:iron_ore":81,"minecraft:fire":21,"minecraft:andesite":24,"minecraft:fletching_table":17,"minecraft:enchanting_table":1,"minecraft:stone":870,"minecraft:spruce_slab":2,"minecraft:oak_slab":7,"minecraft:glass_pane":1,"minecraft:blackstone":2,"minecraft:dandelion":1,"minecraft:crafting_table":11,"minecraft:campfire":1,"minecraft:lectern":168,"minecraft:tall_grass":5,"minecraft:cobblestone":67,"minecraft:oak_planks":2,"minecraft:lapis_ore":1,"minecraft:sugar_cane":9,"minecraft:grindstone":1,"minecraft:diorite":141,"minecraft:blue_bed":2,"minecraft:spruce_stairs":3,"minecraft:seagrass":2,"minecraft:wheat":1,"minecraft:spruce_log":156,"minecraft:birch_leaves":9,"minecraft:grass_path":20,"minecraft:grass":62,"minecraft:coal_ore":47,"minecraft:oak_log":20,"minecraft:gravel":52,"minecraft:dirt":93,"minecraft:oak_leaves":24,"minecraft:fern":2,"minecraft:infested_stone":2},"minecraft:picked_up":{"minecraft:crafting_table":14,"minecraft:iron_chestplate":4,"minecraft:lead":4,"minecraft:enchanted_book":2,"minecraft:brewing_stand":4,"minecraft:shield":3,"minecraft:string":55,"minecraft:iron_leggings":4,"minecraft:blackstone":5,"minecraft:diamond_leggings":3,"minecraft:spruce_planks":38,"minecraft:beef":38,"minecraft:oak_boat":6,"minecraft:wooden_shovel":1,"minecraft:poppy":4,"minecraft:spruce_slab":2,"minecraft:enchanted_golden_apple":2,"minecraft:lectern":169,"minecraft:sugar_cane":39,"minecraft:iron_boots":5,"minecraft:furnace":9,"minecraft:stick":53,"minecraft:spruce_stairs":3,"minecraft:porkchop":21,"minecraft:polished_blackstone_bricks":2,"minecraft:diorite":139,"minecraft:carrot":2,"minecraft:arrow":392,"minecraft:rotten_flesh":34,"minecraft:diamond_chestplate":3,"minecraft:diamond_boots":3,"minecraft:hay_block":57,"minecraft:saddle":2,"minecraft:obsidian":8,"minecraft:mutton":6,"minecraft:white_wool":6,"minecraft:cobblestone":1187,"minecraft:enchanting_table":3,"minecraft:water_bucket":5,"minecraft:andesite":18,"minecraft:leather":91,"minecraft:flint":6,"minecraft:oak_log":21,"minecraft:lapis_lazuli":15,"minecraft:dirt":142,"minecraft:blue_bed":4,"minecraft:bone":15,"minecraft:bow":4,"minecraft:wheat_seeds":12,"minecraft:iron_ingot":80,"minecraft:grindstone":2,"minecraft:iron_ore":97,"minecraft:fletching_table":18,"minecraft:diamond_helmet":3,"minecraft:oak_planks":1,"minecraft:oak_slab":6,"minecraft:cooked_porkchop":3,"minecraft:sweet_berries":3,"minecraft:dandelion":2,"minecraft:gravel":53,"minecraft:spruce_sapling":3,"minecraft:spruce_log":159,"minecraft:dark_oak_log":8,"minecraft:spruce_door":1,"minecraft:spider_eye":3,"minecraft:mossy_cobblestone":1,"minecraft:diamond":65,"minecraft:spruce_boat":1,"minecraft:stone_axe":2,"minecraft:granite":70,"minecraft:diamond_axe":6,"minecraft:emerald":35,"minecraft:oak_sapling":5,"minecraft:black_wool":4,"minecraft:coal":118,"minecraft:diamond_pickaxe":3},"minecraft:dropped":{"minecraft:water_bucket":2,"minecraft:iron_ingot":10,"minecraft:bread":1,"minecraft:porkchop":3,"minecraft:diamond_axe":3,"minecraft:wheat_seeds":12,"minecraft:mossy_cobblestone":1,"minecraft:diamond":3,"minecraft:bookshelf":1,"minecraft:cooked_porkchop":2,"minecraft:cobblestone":214,"minecraft:granite":58,"minecraft:spruce_door":1,"minecraft:spruce_stairs":3,"minecraft:dirt":59,"minecraft:diorite":122,"minecraft:iron_leggings":3,"minecraft:string":13,"minecraft:white_wool":3,"minecraft:spruce_sapling":3,"minecraft:dandelion":2,"minecraft:bone":4,"minecraft:gravel":9,"minecraft:stone_axe":3,"minecraft:sweet_berries":1,"minecraft:blackstone":1,"minecraft:wheat":3,"minecraft:obsidian":3,"minecraft:stone_shovel":1,"minecraft:rotten_flesh":34,"minecraft:grindstone":2,"minecraft:iron_boots":4,"minecraft:cooked_mutton":4,"minecraft:flint_and_steel":1,"minecraft:poppy":4,"minecraft:spruce_planks":1,"minecraft:iron_chestplate":3,"minecraft:andesite":15,"minecraft:oak_sapling":4,"minecraft:wooden_shovel":1,"minecraft:spider_eye":2,"minecraft:spruce_slab":1,"minecraft:bow":1,"minecraft:arrow":192,"minecraft:wooden_pickaxe":1,"minecraft:lectern":3,"minecraft:black_wool":4},"minecraft:used":{"minecraft:flint_and_steel":1,"minecraft:enchanting_table":1,"minecraft:spruce_slab":11,"minecraft:stone_shovel":33,"minecraft:carrot_on_a_stick":23,"minecraft:chest":1,"minecraft:spruce_planks":44,"minecraft:shield":33,"minecraft:dirt":83,"minecraft:mutton":2,"minecraft:granite":12,"minecraft:iron_hoe":43,"minecraft:spruce_boat":1,"minecraft:lava_bucket":23,"minecraft:bow":30,"minecraft:beef":1,"minecraft:sweet_berries":2,"minecraft:furnace":10,"minecraft:cooked_beef":15,"minecraft:water_bucket":95,"minecraft:diorite":17,"minecraft:iron_ore":2,"minecraft:stone_pickaxe":114,"minecraft:oak_planks":1,"minecraft:blackstone":2,"minecraft:blue_bed":2,"minecraft:wooden_pickaxe":12,"minecraft:diamond_axe":623,"minecraft:fletching_table":18,"minecraft:polished_blackstone_bricks":1,"minecraft:oak_slab":6,"minecraft:crafting_table":16,"minecraft:white_bed":1,"minecraft:spruce_log":7,"minecraft:diamond_pickaxe":1051,"minecraft:bread":14,"minecraft:iron_pickaxe":252,"minecraft:lectern":168,"minecraft:gravel":44,"minecraft:stone_axe":26,"minecraft:cobblestone":487,"minecraft:porkchop":1,"minecraft:cooked_porkchop":18,"minecraft:andesite":3,"minecraft:bucket":118,"minecraft:oak_boat":4},"minecraft:crafted":{"minecraft:oak_planks":84,"minecraft:stone_shovel":1,"minecraft:fishing_rod":1,"minecraft:furnace":5,"minecraft:bookshelf":3,"minecraft:cooked_mutton":4,"minecraft:flint_and_steel":2,"minecraft:bow":2,"minecraft:diamond_helmet":1,"minecraft:diamond_leggings":1,"minecraft:iron_boots":1,"minecraft:iron_hoe":1,"minecraft:spruce_slab":18,"minecraft:stone_pickaxe":1,"minecraft:chest":1,"minecraft:diamond_boots":1,"minecraft:dark_oak_planks":32,"minecraft:wheat":234,"minecraft:cooked_beef":15,"minecraft:arrow":256,"minecraft:emerald":38,"minecraft:cooked_porkchop":17,"minecraft:diamond_axe":1,"minecraft:crafting_table":5,"minecraft:spruce_planks":632,"minecraft:enchanting_table":1,"minecraft:iron_helmet":1,"minecraft:wooden_pickaxe":1,"minecraft:fletching_table":1,"minecraft:bucket":1,"minecraft:stone_axe":1,"minecraft:enchanted_book":1,"minecraft:bread":77,"minecraft:air":0,"minecraft:oak_boat":1,"minecraft:lectern":2,"minecraft:iron_chestplate":1,"minecraft:book":8,"minecraft:paper":24,"minecraft:diamond_pickaxe":1,"minecraft:shield":1,"minecraft:stick":1284,"minecraft:iron_ingot":79,"minecraft:iron_pickaxe":1,"minecraft:iron_leggings":1,"minecraft:white_bed":1,"minecraft:carrot_on_a_stick":1,"minecraft:diamond_chestplate":1},"minecraft:broken":{"minecraft:stone_pickaxe":1,"minecraft:iron_pickaxe":1,"minecraft:iron_helmet":1}},"DataVersion":2586}