{"stats":{"minecraft:killed_by":{"minecraft:player":1,"minecraft:piglin_brute":1,"minecraft:creeper":1,"minecraft:zombie":2},"minecraft:custom":{"minecraft:mob_kills":70,"minecraft:interact_with_crafting_table":56,"minecraft:bell_ring":1,"minecraft:leave_game":6,"minecraft:time_since_death":33376,"minecraft:climb_one_cm":492,"minecraft:sprint_one_cm":533386,"minecraft:walk_one_cm":414848,"minecraft:drop":129,"minecraft:talked_to_villager":217,"minecraft:deaths":7,"minecraft:sneak_time":34332,"minecraft:walk_under_water_one_cm":2348,"minecraft:boat_one_cm":35733,"minecraft:jump":3882,"minecraft:walk_on_water_one_cm":29628,"minecraft:interact_with_furnace":75,"minecraft:traded_with_villager":57,"minecraft:play_one_minute":342209,"minecraft:sleep_in_bed":7,"minecraft:time_since_rest":33408,"minecraft:damage_taken":3473,"minecraft:damage_dealt":13044,"minecraft:player_kills":1,"minecraft:swim_one_cm":7981,"minecraft:fly_one_cm":1331727,"minecraft:pig_one_cm":33967,"minecraft:open_chest":12,"minecraft:crouch_one_cm":81386,"minecraft:fall_one_cm":94692,"minecraft:horse_one_cm":275070},"minecraft:crafted":{"minecraft:oak_planks":84,"minecraft:stone_shovel":1,"minecraft:fishing_rod":1,"minecraft:furnace":5,"minecraft:bookshelf":2,"minecraft:cooked_mutton":4,"minecraft:flint_and_steel":2,"minecraft:bow":2,"minecraft:diamond_helmet":1,"minecraft:diamond_leggings":1,"minecraft:iron_boots":1,"minecraft:iron_hoe":1,"minecraft:spruce_slab":18,"minecraft:stone_pickaxe":1,"minecraft:chest":1,"minecraft:diamond_boots":1,"minecraft:dark_oak_planks":32,"minecraft:wheat":234,"minecraft:cooked_beef":15,"minecraft:arrow":256,"minecraft:emerald":38,"minecraft:cooked_porkchop":17,"minecraft:diamond_axe":1,"minecraft:crafting_table":5,"minecraft:spruce_planks":632,"minecraft:enchanting_table":1,"minecraft:iron_helmet":1,"minecraft:wooden_pickaxe":1,"minecraft:fletching_table":1,"minecraft:bucket":1,"minecraft:stone_axe":1,"minecraft:enchanted_book":1,"minecraft:bread":77,"minecraft:air":0,"minecraft:oak_boat":1,"minecraft:lectern":2,"minecraft:iron_chestplate":1,"minecraft:book":8,"minecraft:paper":24,"minecraft:diamond_pickaxe":1,"minecraft:shield":1,"minecraft:stick":1284,"minecraft:iron_ingot":76,"minecraft:iron_pickaxe":1,"minecraft:iron_leggings":1,"minecraft:white_bed":1,"minecraft:carrot_on_a_stick":1,"minecraft:diamond_chestplate":1},"minecraft:mined":{"minecraft:diamond_ore":45,"minecraft:spruce_planks":13,"minecraft:mossy_cobblestone":1,"minecraft:dark_oak_log":8,"minecraft:brewing_stand":1,"minecraft:obsidian":6,"minecraft:granite":66,"minecraft:grass_block":33,"minecraft:spruce_leaves":28,"minecraft:composter":1,"minecraft:spawner":1,"minecraft:large_fern":2,"minecraft:hay_block":54,"minecraft:polished_blackstone_bricks":1,"minecraft:redstone_ore":9,"minecraft:furnace":5,"minecraft:carrots":2,"minecraft:iron_ore":81,"minecraft:fire":21,"minecraft:andesite":24,"minecraft:fletching_table":12,"minecraft:enchanting_table":1,"minecraft:stone":864,"minecraft:spruce_slab":2,"minecraft:oak_slab":3,"minecraft:glass_pane":1,"minecraft:blackstone":2,"minecraft:dandelion":1,"minecraft:crafting_table":11,"minecraft:campfire":1,"minecraft:lectern":85,"minecraft:tall_grass":3,"minecraft:cobblestone":56,"minecraft:oak_planks":1,"minecraft:lapis_ore":1,"minecraft:grindstone":1,"minecraft:sugar_cane":9,"minecraft:diorite":141,"minecraft:blue_bed":2,"minecraft:seagrass":2,"minecraft:spruce_stairs":3,"minecraft:wheat":1,"minecraft:spruce_log":156,"minecraft:birch_leaves":9,"minecraft:grass_path":20,"minecraft:grass":42,"minecraft:oak_log":20,"minecraft:coal_ore":47,"minecraft:gravel":41,"minecraft:dirt":82,"minecraft:oak_leaves":23,"minecraft:infested_stone":2,"minecraft:fern":2},"minecraft:dropped":{"minecraft:water_bucket":2,"minecraft:iron_ingot":10,"minecraft:bread":1,"minecraft:porkchop":3,"minecraft:diamond_axe":3,"minecraft:wheat_seeds":7,"minecraft:mossy_cobblestone":1,"minecraft:diamond":3,"minecraft:cooked_porkchop":2,"minecraft:cobblestone":214,"minecraft:granite":58,"minecraft:spruce_door":1,"minecraft:spruce_stairs":3,"minecraft:dirt":48,"minecraft:diorite":122,"minecraft:iron_leggings":3,"minecraft:string":13,"minecraft:white_wool":3,"minecraft:spruce_sapling":3,"minecraft:dandelion":2,"minecraft:bone":4,"minecraft:gravel":9,"minecraft:stone_axe":3,"minecraft:blackstone":1,"minecraft:sweet_berries":1,"minecraft:wheat":3,"minecraft:obsidian":3,"minecraft:stone_shovel":1,"minecraft:rotten_flesh":22,"minecraft:grindstone":2,"minecraft:iron_boots":4,"minecraft:cooked_mutton":4,"minecraft:flint_and_steel":1,"minecraft:poppy":4,"minecraft:spruce_planks":1,"minecraft:iron_chestplate":3,"minecraft:andesite":15,"minecraft:wooden_shovel":1,"minecraft:oak_sapling":4,"minecraft:spider_eye":2,"minecraft:spruce_slab":1,"minecraft:bow":1,"minecraft:arrow":192,"minecraft:wooden_pickaxe":1,"minecraft:black_wool":4,"minecraft:lectern":3},"minecraft:killed":{"minecraft:cave_spider":1,"minecraft:witch":1,"minecraft:spider":2,"minecraft:horse":1,"minecraft:skeleton":6,"minecraft:silverfish":3,"minecraft:cat":1,"minecraft:piglin":6,"minecraft:pig":9,"minecraft:iron_golem":2,"minecraft:wandering_trader":1,"minecraft:sheep":5,"minecraft:trader_llama":2,"minecraft:zombie":14,"minecraft:villager":1,"minecraft:cow":12,"minecraft:enderman":1},"minecraft:broken":{"minecraft:stone_pickaxe":1,"minecraft:iron_pickaxe":1,"minecraft:iron_helmet":1},"minecraft:used":{"minecraft:enchanting_table":1,"minecraft:flint_and_steel":1,"minecraft:stone_shovel":33,"minecraft:spruce_slab":11,"minecraft:carrot_on_a_stick":1,"minecraft:chest":1,"minecraft:spruce_planks":44,"minecraft:shield":33,"minecraft:dirt":73,"minecraft:mutton":2,"minecraft:granite":12,"minecraft:iron_hoe":43,"minecraft:spruce_boat":1,"minecraft:lava_bucket":21,"minecraft:bow":4,"minecraft:beef":1,"minecraft:sweet_berries":2,"minecraft:furnace":10,"minecraft:cooked_beef":15,"minecraft:water_bucket":80,"minecraft:diorite":17,"minecraft:iron_ore":2,"minecraft:stone_pickaxe":114,"minecraft:blackstone":2,"minecraft:wooden_pickaxe":12,"minecraft:blue_bed":2,"minecraft:diamond_axe":469,"minecraft:fletching_table":12,"minecraft:polished_blackstone_bricks":1,"minecraft:oak_slab":3,"minecraft:crafting_table":16,"minecraft:white_bed":1,"minecraft:spruce_log":7,"minecraft:diamond_pickaxe":1033,"minecraft:bread":5,"minecraft:iron_pickaxe":252,"minecraft:lectern":85,"minecraft:gravel":35,"minecraft:stone_axe":26,"minecraft:cobblestone":451,"minecraft:porkchop":1,"minecraft:cooked_porkchop":18,"minecraft:andesite":3,"minecraft:bucket":102,"minecraft:oak_boat":4},"minecraft:picked_up":{"minecraft:iron_chestplate":4,"minecraft:crafting_table":13,"minecraft:lead":4,"minecraft:enchanted_book":2,"minecraft:brewing_stand":4,"minecraft:shield":3,"minecraft:string":50,"minecraft:iron_leggings":4,"minecraft:blackstone":5,"minecraft:diamond_leggings":3,"minecraft:spruce_planks":38,"minecraft:beef":38,"minecraft:oak_boat":6,"minecraft:wooden_shovel":1,"minecraft:poppy":4,"minecraft:spruce_slab":2,"minecraft:enchanted_golden_apple":2,"minecraft:lectern":86,"minecraft:sugar_cane":39,"minecraft:furnace":9,"minecraft:iron_boots":5,"minecraft:stick":53,"minecraft:spruce_stairs":3,"minecraft:porkchop":21,"minecraft:polished_blackstone_bricks":2,"minecraft:diorite":139,"minecraft:carrot":2,"minecraft:arrow":390,"minecraft:rotten_flesh":22,"minecraft:diamond_chestplate":3,"minecraft:diamond_boots":3,"minecraft:hay_block":54,"minecraft:saddle":1,"minecraft:obsidian":8,"minecraft:mutton":6,"minecraft:white_wool":6,"minecraft:cobblestone":1175,"minecraft:enchanting_table":3,"minecraft:water_bucket":5,"minecraft:andesite":18,"minecraft:leather":91,"minecraft:flint":4,"minecraft:oak_log":21,"minecraft:lapis_lazuli":15,"minecraft:dirt":124,"minecraft:blue_bed":4,"minecraft:bone":10,"minecraft:bow":4,"minecraft:wheat_seeds":7,"minecraft:iron_ingot":80,"minecraft:grindstone":2,"minecraft:iron_ore":97,"minecraft:fletching_table":13,"minecraft:diamond_helmet":3,"minecraft:oak_slab":3,"minecraft:cooked_porkchop":3,"minecraft:sweet_berries":3,"minecraft:dandelion":2,"minecraft:gravel":44,"minecraft:spruce_sapling":3,"minecraft:spider_eye":3,"minecraft:spruce_log":159,"minecraft:dark_oak_log":8,"minecraft:spruce_door":1,"minecraft:mossy_cobblestone":1,"minecraft:diamond":65,"minecraft:spruce_boat":1,"minecraft:stone_axe":2,"minecraft:granite":70,"minecraft:diamond_axe":6,"minecraft:emerald":34,"minecraft:oak_sapling":5,"minecraft:coal":118,"minecraft:black_wool":4,"minecraft:diamond_pickaxe":3}},"DataVersion":2586}