{"stats":{"minecraft:crafted":{"minecraft:oak_planks":24,"minecraft:crafting_table":1,"minecraft:stick":4,"minecraft:stone_pickaxe":1,"minecraft:wooden_pickaxe":1},"minecraft:picked_up":{"minecraft:porkchop":4,"minecraft:oak_log":6,"minecraft:oak_sapling":2,"minecraft:dirt":2,"minecraft:cobblestone":3},"minecraft:mined":{"minecraft:grass":1,"minecraft:grass_block":1,"minecraft:oak_log":6,"minecraft:dirt":1,"minecraft:oak_leaves":4},"minecraft:killed":{"minecraft:pig":3},"minecraft:used":{"minecraft:dirt":2,"minecraft:stone_pickaxe":9},"minecraft:custom":{"minecraft:time_since_rest":28800,"minecraft:play_one_minute":28800,"minecraft:crouch_one_cm":563,"minecraft:sprint_one_cm":20449,"minecraft:damage_taken":50,"minecraft:walk_one_cm":7386,"minecraft:sneak_time":365,"minecraft:mob_kills":3,"minecraft:jump":94,"minecraft:damage_dealt":300,"minecraft:leave_game":2,"minecraft:time_since_death":28800,"minecraft:interact_with_crafting_table":4,"minecraft:fall_one_cm":3727,"minecraft:fly_one_cm":12915}},"DataVersion":2586}