{"stats":{"minecraft:killed_by":{"minecraft:wither_skeleton":1,"minecraft:creeper":3,"minecraft:player":1},"minecraft:used":{"minecraft:chest":3,"minecraft:shield":61,"minecraft:grass":1,"minecraft:nether_bricks":8,"minecraft:obsidian":34,"minecraft:spruce_boat":5,"minecraft:lava_bucket":1,"minecraft:grass_block":4,"minecraft:warped_nylium":1,"minecraft:bow":52,"minecraft:oak_sapling":3,"minecraft:furnace":4,"minecraft:diorite":5,"minecraft:birch_leaves":6,"minecraft:stone_pickaxe":126,"minecraft:oak_planks":8,"minecraft:ender_pearl":1,"minecraft:blackstone":11,"minecraft:wooden_pickaxe":3,"minecraft:diamond_axe":62,"minecraft:oak_leaves":6,"minecraft:sand":1,"minecraft:shears":377,"minecraft:end_stone":18,"minecraft:bread":108,"minecraft:gravel":81,"minecraft:diamond_sword":204,"minecraft:andesite":2,"minecraft:oak_boat":2,"minecraft:enchanting_table":2,"minecraft:flint_and_steel":27,"minecraft:spruce_planks":2,"minecraft:netherrack":587,"minecraft:torch":2,"minecraft:dirt":209,"minecraft:anvil":3,"minecraft:granite":1,"minecraft:dark_oak_planks":8,"minecraft:bookshelf":18,"minecraft:iron_axe":152,"minecraft:basalt":70,"minecraft:water_bucket":196,"minecraft:fletching_table":5,"minecraft:cracked_stone_bricks":1,"minecraft:polished_blackstone_bricks":3,"minecraft:tnt":1,"minecraft:crafting_table":13,"minecraft:white_bed":4,"minecraft:diamond_pickaxe":3040,"minecraft:cracked_polished_blackstone_bricks":3,"minecraft:iron_pickaxe":324,"minecraft:spruce_sapling":1,"minecraft:stone_axe":53,"minecraft:fishing_rod":118,"minecraft:cobblestone":291,"minecraft:porkchop":3,"minecraft:cooked_porkchop":28,"minecraft:bucket":197,"minecraft:dandelion":2},"minecraft:dropped":{"minecraft:soul_sand":8,"minecraft:lapis_lazuli":35,"minecraft:ender_pearl":3,"minecraft:cooked_porkchop":4,"minecraft:weeping_vines":7,"minecraft:warped_roots":18,"minecraft:cracked_stone_bricks":1,"minecraft:rail":55,"minecraft:cod":17,"minecraft:dirt":77,"minecraft:cracked_polished_blackstone_bricks":35,"minecraft:crimson_roots":11,"minecraft:gold_nugget":9,"minecraft:polished_blackstone_bricks":3,"minecraft:dark_oak_planks":1,"minecraft:white_wool":7,"minecraft:gold_ingot":32,"minecraft:bone":4,"minecraft:gravel":16,"minecraft:stone_axe":2,"minecraft:compass":1,"minecraft:blackstone":86,"minecraft:sugar_cane":15,"minecraft:nether_brick":13,"minecraft:wheat":16,"minecraft:obsidian":11,"minecraft:rotten_flesh":18,"minecraft:oak_planks":41,"minecraft:end_stone":12,"minecraft:glowstone_dust":11,"minecraft:salmon":8,"minecraft:poppy":1,"minecraft:leather_chestplate":3,"minecraft:gunpowder":4,"minecraft:leather_boots":2,"minecraft:chest":1,"minecraft:basalt":287,"minecraft:arrow":28,"minecraft:beef":6,"minecraft:crying_obsidian":9,"minecraft:quartz":22,"minecraft:netherrack":1331,"minecraft:wheat_seeds":20,"minecraft:iron_helmet":1,"minecraft:cobblestone":137,"minecraft:spectral_arrow":26,"minecraft:granite":17,"minecraft:grass_block":1,"minecraft:coal":3,"minecraft:stick":3,"minecraft:pufferfish":2,"minecraft:diamond_horse_armor":1,"minecraft:diorite":40,"minecraft:iron_door":1,"minecraft:fire_charge":2,"minecraft:potion":2,"minecraft:iron_leggings":1,"minecraft:oak_stairs":2,"minecraft:chipped_anvil":1,"minecraft:string":11,"minecraft:spruce_sapling":2,"minecraft:dandelion":1,"minecraft:redstone":9,"minecraft:furnace":1,"minecraft:sweet_berries":3,"minecraft:warped_nylium":1,"minecraft:soul_soil":1,"minecraft:light_gray_wool":1,"minecraft:iron_boots":1,"minecraft:filled_map":1,"minecraft:spruce_boat":1,"minecraft:iron_chestplate":1,"minecraft:diamond_pickaxe":1,"minecraft:andesite":81,"minecraft:mossy_stone_bricks":6,"minecraft:golden_leggings":2,"minecraft:golden_sword":1,"minecraft:spider_eye":3,"minecraft:bow":2,"minecraft:stone_pickaxe":1,"minecraft:wooden_pickaxe":1,"minecraft:magma_block":3},"minecraft:mined":{"minecraft:dark_oak_planks":1,"minecraft:white_bed":4,"minecraft:obsidian":13,"minecraft:granite":17,"minecraft:grass_block":20,"minecraft:cracked_polished_blackstone_bricks":35,"minecraft:soul_soil":1,"minecraft:gilded_blackstone":1,"minecraft:spawner":1,"minecraft:polished_blackstone_bricks":41,"minecraft:weeping_vines_plant":2,"minecraft:magma_block":13,"minecraft:glowstone":4,"minecraft:iron_ore":77,"minecraft:fire":8,"minecraft:fletching_table":4,"minecraft:anvil":1,"minecraft:enchanting_table":1,"minecraft:blackstone":119,"minecraft:crimson_nylium":3,"minecraft:nether_quartz_ore":37,"minecraft:cobblestone":31,"minecraft:sugar_cane":14,"minecraft:oak_planks":1,"minecraft:iron_door":1,"minecraft:warped_nylium":13,"minecraft:tnt":1,"minecraft:grass":109,"minecraft:infested_mossy_stone_bricks":1,"minecraft:oak_log":34,"minecraft:sand":1,"minecraft:dirt":42,"minecraft:netherrack":2038,"minecraft:ancient_debris":5,"minecraft:oak_leaves":380,"minecraft:nether_gold_ore":7,"minecraft:diamond_ore":49,"minecraft:dark_oak_leaves":1,"minecraft:end_stone":23,"minecraft:nether_bricks":4,"minecraft:crimson_roots":4,"minecraft:spruce_leaves":43,"minecraft:large_fern":2,"minecraft:hay_block":22,"minecraft:redstone_ore":2,"minecraft:furnace":3,"minecraft:nether_sprouts":3,"minecraft:andesite":31,"minecraft:stripped_oak_log":8,"minecraft:stone":321,"minecraft:smithing_table":1,"minecraft:infested_stone_bricks":1,"minecraft:basalt":436,"minecraft:dandelion":1,"minecraft:crafting_table":8,"minecraft:emerald_ore":1,"minecraft:warped_roots":1,"minecraft:tall_grass":13,"minecraft:lapis_ore":15,"minecraft:diorite":57,"minecraft:blue_bed":2,"minecraft:purple_bed":3,"minecraft:spruce_log":7,"minecraft:birch_leaves":7,"minecraft:yellow_bed":1,"minecraft:grass_path":1,"minecraft:coal_ore":25,"minecraft:gravel":66,"minecraft:cracked_stone_bricks":1,"minecraft:stone_bricks":5,"minecraft:mossy_stone_bricks":4,"minecraft:gold_ore":6,"minecraft:fern":1},"minecraft:custom":{"minecraft:interact_with_crafting_table":47,"minecraft:leave_game":11,"minecraft:time_since_death":259,"minecraft:sprint_one_cm":1138565,"minecraft:drop":231,"minecraft:talked_to_villager":14,"minecraft:deaths":8,"minecraft:jump":9138,"minecraft:walk_on_water_one_cm":54440,"minecraft:enchant_item":7,"minecraft:interact_with_furnace":36,"minecraft:traded_with_villager":19,"minecraft:play_one_minute":522218,"minecraft:sleep_in_bed":4,"minecraft:damage_dealt":28028,"minecraft:crouch_one_cm":144882,"minecraft:mob_kills":147,"minecraft:interact_with_anvil":28,"minecraft:climb_one_cm":1191,"minecraft:walk_one_cm":432402,"minecraft:damage_dealt_absorbed":46,"minecraft:sneak_time":52305,"minecraft:walk_under_water_one_cm":50826,"minecraft:boat_one_cm":298890,"minecraft:time_since_rest":284,"minecraft:damage_taken":9292,"minecraft:swim_one_cm":119399,"minecraft:fly_one_cm":3837809,"minecraft:open_chest":103,"minecraft:fish_caught":45,"minecraft:fall_one_cm":279279},"minecraft:picked_up":{"minecraft:iron_chestplate":2,"minecraft:anvil":1,"minecraft:oak_stairs":3,"minecraft:potion":2,"minecraft:enchanted_book":1,"minecraft:nether_brick":13,"minecraft:golden_sword":2,"minecraft:string":17,"minecraft:soul_soil":1,"minecraft:iron_leggings":2,"minecraft:pufferfish":4,"minecraft:diamond_leggings":1,"minecraft:gold_nugget":216,"minecraft:bucket":1,"minecraft:spruce_planks":19,"minecraft:enchanted_golden_apple":1,"minecraft:furnace":4,"minecraft:iron_boots":2,"minecraft:stick":35,"minecraft:torch":8,"minecraft:porkchop":22,"minecraft:diorite":76,"minecraft:rotten_flesh":28,"minecraft:tropical_fish":1,"minecraft:bookshelf":10,"minecraft:obsidian":31,"minecraft:cod":30,"minecraft:cobblestone":575,"minecraft:enchanting_table":1,"minecraft:magma_block":5,"minecraft:leather_chestplate":1,"minecraft:iron_door":2,"minecraft:water_bucket":1,"minecraft:andesite":83,"minecraft:golden_leggings":3,"minecraft:flint":7,"minecraft:lapis_lazuli":267,"minecraft:dirt":154,"minecraft:name_tag":4,"minecraft:leather_boots":2,"minecraft:bone":25,"minecraft:chipped_anvil":1,"minecraft:bow":5,"minecraft:wheat_seeds":20,"minecraft:diamond_helmet":1,"minecraft:fletching_table":4,"minecraft:mossy_stone_bricks":6,"minecraft:glowstone_dust":11,"minecraft:oak_planks":93,"minecraft:cooked_porkchop":40,"minecraft:sand":1,"minecraft:grass_block":3,"minecraft:spectral_arrow":45,"minecraft:dark_oak_log":2,"minecraft:diamond":64,"minecraft:spruce_boat":5,"minecraft:cracked_polished_blackstone_bricks":38,"minecraft:granite":30,"minecraft:grass":1,"minecraft:emerald":9,"minecraft:bread":136,"minecraft:oak_sapling":3,"minecraft:netherrack":2574,"minecraft:oak_leaves":334,"minecraft:crimson_roots":11,"minecraft:diamond_pickaxe":4,"minecraft:fishing_rod":4,"minecraft:crafting_table":8,"minecraft:diamond_horse_armor":2,"minecraft:shield":2,"minecraft:iron_axe":1,"minecraft:flint_and_steel":3,"minecraft:blackstone":182,"minecraft:cracked_stone_bricks":2,"minecraft:beef":12,"minecraft:oak_boat":1,"minecraft:poppy":1,"minecraft:light_gray_wool":1,"minecraft:sugar_cane":15,"minecraft:egg":2,"minecraft:end_stone":30,"minecraft:fire_charge":4,"minecraft:polished_blackstone_bricks":6,"minecraft:redstone":18,"minecraft:dark_oak_planks":1,"minecraft:tnt":1,"minecraft:arrow":25,"minecraft:weeping_vines":7,"minecraft:diamond_chestplate":1,"minecraft:nether_bricks":8,"minecraft:diamond_boots":1,"minecraft:hay_block":24,"minecraft:saddle":1,"minecraft:gold_ingot":19,"minecraft:mutton":19,"minecraft:rail":55,"minecraft:white_wool":10,"minecraft:stripped_oak_log":8,"minecraft:birch_leaves":6,"minecraft:basalt":834,"minecraft:salmon":12,"minecraft:leather":17,"minecraft:oak_log":34,"minecraft:ancient_debris":5,"minecraft:yellow_bed":2,"minecraft:gunpowder":4,"minecraft:apple":9,"minecraft:iron_ingot":24,"minecraft:iron_ore":73,"minecraft:soul_sand":8,"minecraft:book":34,"minecraft:sweet_berries":3,"minecraft:quartz":52,"minecraft:dandelion":3,"minecraft:gravel":110,"minecraft:spruce_sapling":3,"minecraft:white_bed":4,"minecraft:spruce_log":7,"minecraft:dragon_egg":1,"minecraft:gold_ore":6,"minecraft:crying_obsidian":15,"minecraft:spider_eye":3,"minecraft:iron_helmet":2,"minecraft:warped_roots":19,"minecraft:warped_nylium":2,"minecraft:coal":65,"minecraft:ender_pearl":5},"minecraft:broken":{"minecraft:shears":1,"minecraft:iron_pickaxe":1},"minecraft:killed":{"minecraft:spider":7,"minecraft:skeleton":24,"minecraft:silverfish":2,"minecraft:piglin":15,"minecraft:pig":9,"minecraft:ender_dragon":1,"minecraft:creeper":3,"minecraft:sheep":11,"minecraft:zombie":22,"minecraft:blaze":1,"minecraft:cow":6,"minecraft:phantom":1,"minecraft:drowned":2,"minecraft:bat":2,"minecraft:hoglin":9,"minecraft:villager":1,"minecraft:enderman":15},"minecraft:crafted":{"minecraft:oak_planks":208,"minecraft:bookshelf":18,"minecraft:diamond_helmet":2,"minecraft:iron_boots":1,"minecraft:diamond_leggings":2,"minecraft:chest":2,"minecraft:arrow":128,"minecraft:emerald":11,"minecraft:cooked_porkchop":17,"minecraft:diamond_axe":2,"minecraft:crafting_table":5,"minecraft:spruce_planks":28,"minecraft:wooden_pickaxe":1,"minecraft:iron_helmet":1,"minecraft:fletching_table":1,"minecraft:iron_chestplate":1,"minecraft:diamond_pickaxe":2,"minecraft:shield":2,"minecraft:stick":392,"minecraft:iron_ingot":33,"minecraft:iron_pickaxe":1,"minecraft:iron_block":3,"minecraft:gold_ingot":21,"minecraft:shears":2,"minecraft:furnace":1,"minecraft:flint_and_steel":1,"minecraft:iron_axe":1,"minecraft:stone_pickaxe":1,"minecraft:diamond_boots":2,"minecraft:spruce_boat":1,"minecraft:dark_oak_planks":8,"minecraft:wheat":216,"minecraft:diamond_sword":1,"minecraft:enchanting_table":1,"minecraft:bucket":1,"minecraft:bread":72,"minecraft:air":0,"minecraft:oak_boat":2,"minecraft:golden_apple":1,"minecraft:iron_leggings":1,"minecraft:anvil":1,"minecraft:white_bed":1,"minecraft:diamond_chestplate":2}},"DataVersion":2586}