{"stats":{"minecraft:used":{"minecraft:diorite":17,"minecraft:stone_pickaxe":114,"minecraft:wooden_pickaxe":12,"minecraft:shield":11,"minecraft:fletching_table":9,"minecraft:diamond_axe":197,"minecraft:dirt":6,"minecraft:mutton":2,"minecraft:crafting_table":11,"minecraft:white_bed":1,"minecraft:granite":7,"minecraft:spruce_log":7,"minecraft:spruce_boat":1,"minecraft:diamond_pickaxe":8,"minecraft:iron_pickaxe":252,"minecraft:lectern":8,"minecraft:gravel":34,"minecraft:stone_axe":26,"minecraft:cobblestone":158,"minecraft:furnace":5,"minecraft:porkchop":1,"minecraft:cooked_porkchop":13,"minecraft:bucket":1,"minecraft:oak_boat":1,"minecraft:cooked_beef":1},"minecraft:dropped":{"minecraft:gravel":8,"minecraft:iron_ingot":10,"minecraft:stone_axe":3,"minecraft:wheat_seeds":2,"minecraft:diamond_axe":1,"minecraft:diamond":3,"minecraft:cooked_porkchop":2,"minecraft:cobblestone":17,"minecraft:rotten_flesh":5,"minecraft:grindstone":1,"minecraft:granite":13,"minecraft:cooked_mutton":4,"minecraft:dirt":38,"minecraft:diorite":30,"minecraft:wooden_shovel":1,"minecraft:andesite":4,"minecraft:oak_sapling":4,"minecraft:arrow":64,"minecraft:bow":1,"minecraft:wooden_pickaxe":1,"minecraft:white_wool":3,"minecraft:dandelion":2,"minecraft:black_wool":3},"minecraft:mined":{"minecraft:diamond_ore":25,"minecraft:dark_oak_log":8,"minecraft:dandelion":1,"minecraft:brewing_stand":1,"minecraft:crafting_table":9,"minecraft:granite":12,"minecraft:grass_block":7,"minecraft:lectern":8,"minecraft:campfire":1,"minecraft:grindstone":1,"minecraft:tall_grass":3,"minecraft:cobblestone":6,"minecraft:spruce_leaves":17,"minecraft:sugar_cane":6,"minecraft:diorite":32,"minecraft:spawner":1,"minecraft:large_fern":2,"minecraft:furnace":3,"minecraft:iron_ore":38,"minecraft:spruce_log":100,"minecraft:birch_leaves":9,"minecraft:andesite":4,"minecraft:grass_path":3,"minecraft:fletching_table":8,"minecraft:grass":32,"minecraft:oak_log":19,"minecraft:coal_ore":19,"minecraft:gravel":37,"minecraft:dirt":20,"minecraft:stone":205,"minecraft:oak_leaves":13,"minecraft:infested_stone":2},"minecraft:custom":{"minecraft:interact_with_furnace":56,"minecraft:mob_kills":34,"minecraft:traded_with_villager":34,"minecraft:interact_with_crafting_table":37,"minecraft:play_one_minute":125248,"minecraft:leave_game":3,"minecraft:time_since_death":125248,"minecraft:sleep_in_bed":3,"minecraft:climb_one_cm":492,"minecraft:time_since_rest":19112,"minecraft:sprint_one_cm":203362,"minecraft:damage_taken":792,"minecraft:walk_one_cm":166984,"minecraft:drop":47,"minecraft:damage_dealt":4859,"minecraft:talked_to_villager":43,"minecraft:swim_one_cm":1678,"minecraft:fly_one_cm":220652,"minecraft:open_chest":4,"minecraft:crouch_one_cm":22991,"minecraft:sneak_time":10267,"minecraft:walk_under_water_one_cm":156,"minecraft:boat_one_cm":2664,"minecraft:jump":1692,"minecraft:walk_on_water_one_cm":1075,"minecraft:fall_one_cm":41485},"minecraft:picked_up":{"minecraft:crafting_table":9,"minecraft:andesite":4,"minecraft:leather":34,"minecraft:flint":3,"minecraft:oak_log":20,"minecraft:brewing_stand":1,"minecraft:dirt":54,"minecraft:bone":2,"minecraft:wheat_seeds":2,"minecraft:grindstone":1,"minecraft:iron_ingot":3,"minecraft:beef":24,"minecraft:oak_boat":1,"minecraft:iron_ore":38,"minecraft:wooden_shovel":1,"minecraft:fletching_table":8,"minecraft:lectern":8,"minecraft:sugar_cane":25,"minecraft:furnace":3,"minecraft:stick":1,"minecraft:dandelion":2,"minecraft:gravel":42,"minecraft:porkchop":18,"minecraft:spruce_sapling":1,"minecraft:diorite":47,"minecraft:spruce_log":109,"minecraft:dark_oak_log":8,"minecraft:arrow":3,"minecraft:rotten_flesh":5,"minecraft:diamond":25,"minecraft:stone_axe":2,"minecraft:spruce_boat":1,"minecraft:diamond_axe":1,"minecraft:granite":20,"minecraft:oak_sapling":4,"minecraft:black_wool":3,"minecraft:mutton":6,"minecraft:coal":19,"minecraft:white_wool":6,"minecraft:cobblestone":238},"minecraft:killed":{"minecraft:pig":8,"minecraft:spider":1,"minecraft:iron_golem":1,"minecraft:sheep":5,"minecraft:skeleton":3,"minecraft:zombie":1,"minecraft:silverfish":3,"minecraft:cow":12},"minecraft:crafted":{"minecraft:cooked_beef":8,"minecraft:oak_planks":80,"minecraft:arrow":192,"minecraft:emerald":20,"minecraft:cooked_porkchop":17,"minecraft:diamond_axe":1,"minecraft:crafting_table":2,"minecraft:spruce_planks":264,"minecraft:wooden_pickaxe":1,"minecraft:iron_helmet":1,"minecraft:furnace":3,"minecraft:fletching_table":1,"minecraft:bucket":1,"minecraft:stone_axe":1,"minecraft:bookshelf":2,"minecraft:cooked_mutton":4,"minecraft:air":0,"minecraft:oak_boat":1,"minecraft:lectern":2,"minecraft:book":6,"minecraft:bow":2,"minecraft:iron_boots":1,"minecraft:iron_chestplate":1,"minecraft:paper":18,"minecraft:diamond_pickaxe":1,"minecraft:shield":1,"minecraft:spruce_slab":18,"minecraft:stick":652,"minecraft:iron_ingot":38,"minecraft:iron_pickaxe":1,"minecraft:stone_pickaxe":1,"minecraft:iron_leggings":1,"minecraft:white_bed":1,"minecraft:dark_oak_planks":32},"minecraft:broken":{"minecraft:stone_pickaxe":1,"minecraft:iron_pickaxe":1}},"DataVersion":2586}