{"stats":{"minecraft:custom":{"minecraft:interact_with_crafting_table":86,"minecraft:bell_ring":1,"minecraft:leave_game":19,"minecraft:time_since_death":11959,"minecraft:sprint_one_cm":1095550,"minecraft:drop":214,"minecraft:talked_to_villager":420,"minecraft:deaths":14,"minecraft:jump":7653,"minecraft:walk_on_water_one_cm":57677,"minecraft:interact_with_furnace":93,"minecraft:traded_with_villager":58,"minecraft:play_one_minute":592959,"minecraft:sleep_in_bed":7,"minecraft:damage_dealt":35822,"minecraft:player_kills":5,"minecraft:crouch_one_cm":167451,"minecraft:horse_one_cm":757560,"minecraft:mob_kills":189,"minecraft:interact_with_anvil":12,"minecraft:climb_one_cm":2786,"minecraft:walk_one_cm":732082,"minecraft:sneak_time":67216,"minecraft:walk_under_water_one_cm":10081,"minecraft:boat_one_cm":153616,"minecraft:time_since_rest":11985,"minecraft:damage_taken":11226,"minecraft:swim_one_cm":57302,"minecraft:fly_one_cm":4427358,"minecraft:pig_one_cm":45878,"minecraft:open_chest":81,"minecraft:fall_one_cm":206774},"minecraft:mined":{"minecraft:spruce_planks":13,"minecraft:brewing_stand":1,"minecraft:obsidian":11,"minecraft:granite":70,"minecraft:grass_block":45,"minecraft:cracked_polished_blackstone_bricks":7,"minecraft:composter":1,"minecraft:nether_wart":20,"minecraft:spawner":2,"minecraft:polished_blackstone_bricks":15,"minecraft:weeping_vines_plant":1,"minecraft:iron_ore":83,"minecraft:fire":58,"minecraft:fletching_table":17,"minecraft:enchanting_table":1,"minecraft:spruce_slab":2,"minecraft:blackstone":2,"minecraft:crimson_nylium":26,"minecraft:chest":1,"minecraft:nether_quartz_ore":2,"minecraft:cobblestone":78,"minecraft:grindstone":1,"minecraft:sugar_cane":20,"minecraft:oak_planks":15,"minecraft:wall_torch":1,"minecraft:seagrass":2,"minecraft:warped_nylium":6,"minecraft:nether_wart_block":5,"minecraft:wheat":1,"minecraft:grass":70,"minecraft:infested_mossy_stone_bricks":5,"minecraft:oak_log":23,"minecraft:dirt":99,"minecraft:netherrack":487,"minecraft:oak_leaves":29,"minecraft:diamond_ore":45,"minecraft:mossy_cobblestone":1,"minecraft:dark_oak_log":8,"minecraft:end_stone":6,"minecraft:nether_bricks":23,"minecraft:crimson_roots":4,"minecraft:spruce_leaves":29,"minecraft:red_mushroom":2,"minecraft:crimson_stem":1,"minecraft:large_fern":2,"minecraft:hay_block":65,"minecraft:redstone_ore":9,"minecraft:oak_trapdoor":1,"minecraft:furnace":5,"minecraft:carrots":2,"minecraft:nether_sprouts":1,"minecraft:andesite":25,"minecraft:nether_brick_fence":1,"minecraft:bookshelf":17,"minecraft:warped_stem":4,"minecraft:stone":904,"minecraft:oak_slab":7,"minecraft:glass_pane":1,"minecraft:soul_sand":2,"minecraft:infested_stone_bricks":9,"minecraft:basalt":1,"minecraft:dandelion":1,"minecraft:crafting_table":14,"minecraft:warped_roots":2,"minecraft:lectern":168,"minecraft:campfire":1,"minecraft:tall_grass":5,"minecraft:lapis_ore":1,"minecraft:diorite":148,"minecraft:blue_bed":2,"minecraft:warped_wart_block":2,"minecraft:spruce_stairs":3,"minecraft:spruce_log":156,"minecraft:birch_leaves":9,"minecraft:grass_path":20,"minecraft:coal_ore":50,"minecraft:gravel":53,"minecraft:cracked_stone_bricks":3,"minecraft:stone_bricks":27,"minecraft:mossy_stone_bricks":13,"minecraft:chipped_anvil":5,"minecraft:infested_stone":2,"minecraft:fern":2},"minecraft:broken":{"minecraft:stone_pickaxe":1,"minecraft:diamond_pickaxe":1,"minecraft:shield":1,"minecraft:iron_pickaxe":1,"minecraft:iron_helmet":1},"minecraft:killed":{"minecraft:cave_spider":1,"minecraft:zombified_piglin":12,"minecraft:witch":1,"minecraft:spider":6,"minecraft:skeleton":19,"minecraft:silverfish":16,"minecraft:piglin_brute":4,"minecraft:cat":1,"minecraft:piglin":16,"minecraft:pig":9,"minecraft:iron_golem":2,"minecraft:ender_dragon":1,"minecraft:creeper":1,"minecraft:sheep":5,"minecraft:trader_llama":4,"minecraft:zombie":26,"minecraft:ghast":1,"minecraft:cow":12,"minecraft:blaze":22,"minecraft:horse":1,"minecraft:wandering_trader":2,"minecraft:hoglin":2,"minecraft:wither_skeleton":2,"minecraft:villager":1,"minecraft:enderman":10},"minecraft:crafted":{"minecraft:oak_planks":196,"minecraft:bookshelf":3,"minecraft:cooked_mutton":4,"minecraft:bow":3,"minecraft:diamond_helmet":1,"minecraft:diamond_leggings":1,"minecraft:iron_boots":1,"minecraft:chest":3,"minecraft:arrow":256,"minecraft:emerald":38,"minecraft:cooked_porkchop":17,"minecraft:diamond_axe":1,"minecraft:crafting_table":8,"minecraft:spruce_planks":632,"minecraft:wooden_pickaxe":1,"minecraft:iron_helmet":1,"minecraft:fletching_table":1,"minecraft:lectern":2,"minecraft:iron_chestplate":1,"minecraft:book":8,"minecraft:paper":24,"minecraft:diamond_pickaxe":2,"minecraft:shield":2,"minecraft:stick":1292,"minecraft:iron_ingot":80,"minecraft:iron_pickaxe":1,"minecraft:stone_shovel":1,"minecraft:fishing_rod":1,"minecraft:iron_nugget":9,"minecraft:furnace":6,"minecraft:flint_and_steel":2,"minecraft:spruce_slab":18,"minecraft:iron_hoe":1,"minecraft:stone_pickaxe":1,"minecraft:diamond_boots":1,"minecraft:netherite_scrap":1,"minecraft:dark_oak_planks":32,"minecraft:wheat":371,"minecraft:cooked_beef":15,"minecraft:crimson_planks":8,"minecraft:enchanting_table":1,"minecraft:bucket":1,"minecraft:stone_axe":1,"minecraft:enchanted_book":1,"minecraft:air":0,"minecraft:bread":124,"minecraft:oak_boat":1,"minecraft:iron_leggings":1,"minecraft:white_bed":1,"minecraft:diamond_chestplate":1,"minecraft:carrot_on_a_stick":1},"minecraft:dropped":{"minecraft:crimson_stem":1,"minecraft:soul_sand":2,"minecraft:porkchop":15,"minecraft:diamond_axe":3,"minecraft:lapis_lazuli":5,"minecraft:oak_log":23,"minecraft:ender_pearl":2,"minecraft:diamond":12,"minecraft:cooked_porkchop":6,"minecraft:saddle":1,"minecraft:carrot_on_a_stick":1,"minecraft:red_mushroom":2,"minecraft:flint":2,"minecraft:emerald":64,"minecraft:dirt":59,"minecraft:cracked_polished_blackstone_bricks":2,"minecraft:crimson_roots":15,"minecraft:gold_nugget":1,"minecraft:polished_blackstone_bricks":3,"minecraft:white_wool":3,"minecraft:bone":9,"minecraft:gravel":9,"minecraft:stone_axe":3,"minecraft:blackstone":1,"minecraft:twisting_vines":3,"minecraft:wheat":5,"minecraft:birch_sapling":2,"minecraft:obsidian":3,"minecraft:rotten_flesh":36,"minecraft:grindstone":2,"minecraft:oak_planks":7,"minecraft:cooked_mutton":4,"minecraft:nether_brick_fence":1,"minecraft:poppy":4,"minecraft:spruce_slab":1,"minecraft:basalt":1,"minecraft:arrow":428,"minecraft:quartz":1,"minecraft:netherrack":33,"minecraft:lectern":3,"minecraft:crimson_planks":4,"minecraft:water_bucket":2,"minecraft:iron_ingot":37,"minecraft:bread":6,"minecraft:wheat_seeds":12,"minecraft:mossy_cobblestone":1,"minecraft:bookshelf":1,"minecraft:cobblestone":214,"minecraft:granite":58,"minecraft:spruce_door":1,"minecraft:spruce_stairs":3,"minecraft:stick":3,"minecraft:diorite":122,"minecraft:iron_leggings":3,"minecraft:string":21,"minecraft:spruce_sapling":3,"minecraft:dandelion":2,"minecraft:sweet_berries":1,"minecraft:warped_nylium":2,"minecraft:blaze_rod":37,"minecraft:nether_wart":58,"minecraft:stone_sword":1,"minecraft:stone_shovel":1,"minecraft:wither_skeleton_skull":1,"minecraft:iron_boots":4,"minecraft:iron_hoe":1,"minecraft:flint_and_steel":1,"minecraft:spruce_planks":1,"minecraft:iron_chestplate":3,"minecraft:andesite":15,"minecraft:oak_sapling":7,"minecraft:wooden_shovel":1,"minecraft:golden_sword":1,"minecraft:spider_eye":5,"minecraft:bow":3,"minecraft:wooden_pickaxe":1,"minecraft:black_wool":4},"minecraft:killed_by":{"minecraft:piglin_brute":2,"minecraft:creeper":1,"minecraft:zombie":2,"minecraft:player":5},"minecraft:used":{"minecraft:spruce_slab":11,"minecraft:carrot_on_a_stick":23,"minecraft:chest":5,"minecraft:shield":66,"minecraft:iron_sword":5,"minecraft:mutton":2,"minecraft:obsidian":20,"minecraft:spruce_boat":1,"minecraft:lava_bucket":30,"minecraft:stone_bricks":3,"minecraft:bow":172,"minecraft:hay_block":22,"minecraft:sweet_berries":2,"minecraft:furnace":11,"minecraft:mossy_stone_bricks":6,"minecraft:diorite":25,"minecraft:stone_pickaxe":114,"minecraft:oak_planks":101,"minecraft:ender_pearl":3,"minecraft:blackstone":2,"minecraft:wooden_pickaxe":12,"minecraft:blue_bed":2,"minecraft:diamond_axe":884,"minecraft:end_stone":8,"minecraft:bread":122,"minecraft:lectern":168,"minecraft:gravel":45,"minecraft:nether_wart_block":7,"minecraft:diamond_sword":112,"minecraft:andesite":3,"minecraft:oak_boat":5,"minecraft:enchanting_table":1,"minecraft:flint_and_steel":37,"minecraft:stone_shovel":33,"minecraft:spruce_planks":44,"minecraft:netherrack":395,"minecraft:torch":1,"minecraft:dirt":92,"minecraft:granite":12,"minecraft:iron_hoe":43,"minecraft:chipped_anvil":5,"minecraft:beef":1,"minecraft:cooked_beef":15,"minecraft:water_bucket":275,"minecraft:iron_ore":4,"minecraft:fletching_table":18,"minecraft:cracked_stone_bricks":2,"minecraft:polished_blackstone_bricks":17,"minecraft:oak_slab":6,"minecraft:crafting_table":22,"minecraft:white_bed":1,"minecraft:spruce_log":7,"minecraft:oak_log":7,"minecraft:ender_eye":10,"minecraft:diamond_pickaxe":1757,"minecraft:cracked_polished_blackstone_bricks":5,"minecraft:iron_pickaxe":252,"minecraft:stone_axe":26,"minecraft:cobblestone":518,"minecraft:end_crystal":4,"minecraft:porkchop":1,"minecraft:cooked_porkchop":18,"minecraft:bucket":306},"minecraft:picked_up":{"minecraft:iron_chestplate":4,"minecraft:wheat":7,"minecraft:nether_brick_fence":1,"minecraft:lead":6,"minecraft:enchanted_book":3,"minecraft:crimson_planks":2,"minecraft:brewing_stand":5,"minecraft:golden_sword":1,"minecraft:string":67,"minecraft:iron_leggings":4,"minecraft:diamond_leggings":4,"minecraft:gold_nugget":1,"minecraft:spruce_planks":38,"minecraft:ender_eye":10,"minecraft:wooden_shovel":1,"minecraft:enchanted_golden_apple":3,"minecraft:furnace":9,"minecraft:iron_boots":5,"minecraft:stick":53,"minecraft:torch":1,"minecraft:spruce_stairs":3,"minecraft:porkchop":33,"minecraft:diorite":147,"minecraft:stone_sword":1,"minecraft:rotten_flesh":36,"minecraft:blaze_rod":47,"minecraft:obsidian":28,"minecraft:cobblestone":1226,"minecraft:enchanting_table":4,"minecraft:water_bucket":6,"minecraft:andesite":18,"minecraft:flint":8,"minecraft:wither_skeleton_skull":1,"minecraft:lapis_lazuli":20,"minecraft:dirt":151,"minecraft:twisting_vines":3,"minecraft:bone":47,"minecraft:chipped_anvil":8,"minecraft:bow":5,"minecraft:wheat_seeds":12,"minecraft:grindstone":2,"minecraft:diamond_helmet":4,"minecraft:fletching_table":18,"minecraft:mossy_stone_bricks":6,"minecraft:oak_planks":19,"minecraft:cooked_porkchop":7,"minecraft:dark_oak_log":8,"minecraft:mossy_cobblestone":1,"minecraft:iron_hoe":1,"minecraft:diamond":77,"minecraft:spruce_boat":1,"minecraft:cracked_polished_blackstone_bricks":7,"minecraft:granite":76,"minecraft:emerald":99,"minecraft:bread":25,"minecraft:oak_sapling":8,"minecraft:netherrack":419,"minecraft:crimson_roots":15,"minecraft:diamond_pickaxe":4,"minecraft:crafting_table":16,"minecraft:nether_wart":58,"minecraft:gold_block":15,"minecraft:diamond_horse_armor":2,"minecraft:shield":4,"minecraft:flint_and_steel":1,"minecraft:blackstone":5,"minecraft:cracked_stone_bricks":2,"minecraft:beef":38,"minecraft:oak_boat":7,"minecraft:poppy":4,"minecraft:spruce_slab":2,"minecraft:lectern":169,"minecraft:sugar_cane":70,"minecraft:chest":2,"minecraft:birch_sapling":2,"minecraft:end_stone":8,"minecraft:polished_blackstone_bricks":21,"minecraft:carrot":2,"minecraft:arrow":474,"minecraft:diamond_chestplate":4,"minecraft:diamond_boots":4,"minecraft:hay_block":83,"minecraft:saddle":8,"minecraft:mutton":6,"minecraft:white_wool":6,"minecraft:basalt":1,"minecraft:crimson_stem":3,"minecraft:leather":122,"minecraft:red_mushroom":2,"minecraft:oak_log":72,"minecraft:nether_wart_block":7,"minecraft:blue_bed":4,"minecraft:apple":5,"minecraft:stone_bricks":9,"minecraft:iron_ingot":158,"minecraft:iron_ore":99,"minecraft:soul_sand":4,"minecraft:book":55,"minecraft:oak_slab":6,"minecraft:sweet_berries":3,"minecraft:quartz":1,"minecraft:dandelion":2,"minecraft:gravel":55,"minecraft:spruce_sapling":3,"minecraft:spruce_log":159,"minecraft:dragon_egg":1,"minecraft:spruce_door":1,"minecraft:spider_eye":6,"minecraft:diamond_shovel":2,"minecraft:stone_axe":2,"minecraft:diamond_axe":7,"minecraft:coal":165,"minecraft:black_wool":4,"minecraft:warped_nylium":2,"minecraft:ender_pearl":4}},"DataVersion":2586}