{"stats":{"minecraft:used":{"minecraft:enchanting_table":1,"minecraft:spruce_slab":11,"minecraft:stone_shovel":33,"minecraft:spruce_planks":42,"minecraft:shield":25,"minecraft:dirt":61,"minecraft:mutton":2,"minecraft:granite":7,"minecraft:spruce_boat":1,"minecraft:lava_bucket":8,"minecraft:beef":1,"minecraft:sweet_berries":2,"minecraft:furnace":10,"minecraft:cooked_beef":11,"minecraft:water_bucket":61,"minecraft:diorite":17,"minecraft:iron_ore":2,"minecraft:stone_pickaxe":114,"minecraft:wooden_pickaxe":12,"minecraft:blue_bed":2,"minecraft:diamond_axe":398,"minecraft:fletching_table":12,"minecraft:crafting_table":14,"minecraft:white_bed":1,"minecraft:spruce_log":7,"minecraft:diamond_pickaxe":982,"minecraft:iron_pickaxe":252,"minecraft:lectern":66,"minecraft:gravel":34,"minecraft:stone_axe":26,"minecraft:cobblestone":363,"minecraft:porkchop":1,"minecraft:cooked_porkchop":18,"minecraft:andesite":3,"minecraft:bucket":70,"minecraft:oak_boat":3},"minecraft:dropped":{"minecraft:water_bucket":2,"minecraft:iron_ingot":10,"minecraft:bread":1,"minecraft:wheat_seeds":3,"minecraft:diamond_axe":3,"minecraft:mossy_cobblestone":1,"minecraft:diamond":3,"minecraft:cooked_porkchop":2,"minecraft:cobblestone":162,"minecraft:granite":58,"minecraft:spruce_door":1,"minecraft:spruce_stairs":3,"minecraft:dirt":47,"minecraft:diorite":120,"minecraft:iron_leggings":3,"minecraft:white_wool":3,"minecraft:spruce_sapling":3,"minecraft:dandelion":2,"minecraft:gravel":8,"minecraft:stone_axe":3,"minecraft:obsidian":3,"minecraft:stone_shovel":1,"minecraft:rotten_flesh":12,"minecraft:grindstone":2,"minecraft:iron_boots":4,"minecraft:cooked_mutton":4,"minecraft:flint_and_steel":1,"minecraft:iron_chestplate":3,"minecraft:andesite":15,"minecraft:wooden_shovel":1,"minecraft:oak_sapling":4,"minecraft:spruce_slab":1,"minecraft:bow":1,"minecraft:arrow":192,"minecraft:wooden_pickaxe":1,"minecraft:black_wool":4,"minecraft:lectern":3},"minecraft:crafted":{"minecraft:oak_planks":80,"minecraft:stone_shovel":1,"minecraft:furnace":5,"minecraft:bookshelf":2,"minecraft:cooked_mutton":4,"minecraft:flint_and_steel":1,"minecraft:bow":2,"minecraft:diamond_helmet":1,"minecraft:diamond_leggings":1,"minecraft:iron_boots":1,"minecraft:spruce_slab":18,"minecraft:stone_pickaxe":1,"minecraft:diamond_boots":1,"minecraft:dark_oak_planks":32,"minecraft:cooked_beef":12,"minecraft:arrow":256,"minecraft:emerald":36,"minecraft:cooked_porkchop":17,"minecraft:diamond_axe":1,"minecraft:crafting_table":3,"minecraft:enchanting_table":1,"minecraft:spruce_planks":608,"minecraft:iron_helmet":1,"minecraft:wooden_pickaxe":1,"minecraft:fletching_table":1,"minecraft:bucket":1,"minecraft:stone_axe":1,"minecraft:enchanted_book":1,"minecraft:air":0,"minecraft:oak_boat":1,"minecraft:lectern":2,"minecraft:iron_chestplate":1,"minecraft:book":8,"minecraft:paper":24,"minecraft:diamond_pickaxe":1,"minecraft:shield":1,"minecraft:stick":1236,"minecraft:iron_ingot":76,"minecraft:iron_pickaxe":1,"minecraft:iron_leggings":1,"minecraft:white_bed":1,"minecraft:diamond_chestplate":1},"minecraft:mined":{"minecraft:diamond_ore":45,"minecraft:spruce_planks":12,"minecraft:mossy_cobblestone":1,"minecraft:dark_oak_log":8,"minecraft:brewing_stand":1,"minecraft:obsidian":5,"minecraft:granite":61,"minecraft:grass_block":22,"minecraft:spruce_leaves":28,"minecraft:spawner":1,"minecraft:large_fern":2,"minecraft:redstone_ore":9,"minecraft:furnace":5,"minecraft:iron_ore":80,"minecraft:fire":2,"minecraft:andesite":24,"minecraft:fletching_table":12,"minecraft:enchanting_table":1,"minecraft:stone":854,"minecraft:spruce_slab":2,"minecraft:glass_pane":1,"minecraft:dandelion":1,"minecraft:crafting_table":11,"minecraft:lectern":67,"minecraft:campfire":1,"minecraft:tall_grass":3,"minecraft:cobblestone":36,"minecraft:lapis_ore":1,"minecraft:grindstone":1,"minecraft:sugar_cane":9,"minecraft:diorite":139,"minecraft:blue_bed":2,"minecraft:seagrass":2,"minecraft:spruce_stairs":3,"minecraft:spruce_log":156,"minecraft:birch_leaves":9,"minecraft:grass_path":20,"minecraft:grass":32,"minecraft:oak_log":19,"minecraft:coal_ore":47,"minecraft:gravel":38,"minecraft:dirt":72,"minecraft:oak_leaves":13,"minecraft:infested_stone":2,"minecraft:fern":2},"minecraft:killed":{"minecraft:cave_spider":1,"minecraft:witch":1,"minecraft:spider":1,"minecraft:horse":1,"minecraft:skeleton":5,"minecraft:silverfish":3,"minecraft:pig":8,"minecraft:iron_golem":1,"minecraft:wandering_trader":1,"minecraft:sheep":5,"minecraft:trader_llama":2,"minecraft:zombie":9,"minecraft:cow":12,"minecraft:enderman":1},"minecraft:killed_by":{"minecraft:player":1,"minecraft:creeper":1,"minecraft:zombie":1},"minecraft:custom":{"minecraft:mob_kills":52,"minecraft:interact_with_crafting_table":48,"minecraft:bell_ring":1,"minecraft:leave_game":5,"minecraft:time_since_death":31327,"minecraft:climb_one_cm":492,"minecraft:sprint_one_cm":390657,"minecraft:walk_one_cm":309142,"minecraft:drop":95,"minecraft:talked_to_villager":183,"minecraft:deaths":5,"minecraft:sneak_time":27958,"minecraft:walk_under_water_one_cm":1785,"minecraft:boat_one_cm":29770,"minecraft:jump":3126,"minecraft:walk_on_water_one_cm":26063,"minecraft:interact_with_furnace":73,"minecraft:traded_with_villager":55,"minecraft:play_one_minute":278252,"minecraft:sleep_in_bed":6,"minecraft:time_since_rest":231,"minecraft:damage_taken":2670,"minecraft:damage_dealt":9581,"minecraft:player_kills":1,"minecraft:swim_one_cm":5900,"minecraft:fly_one_cm":1209462,"minecraft:open_chest":4,"minecraft:crouch_one_cm":66660,"minecraft:fall_one_cm":73726},"minecraft:broken":{"minecraft:stone_pickaxe":1,"minecraft:iron_pickaxe":1,"minecraft:iron_helmet":1},"minecraft:picked_up":{"minecraft:iron_chestplate":4,"minecraft:crafting_table":13,"minecraft:lead":2,"minecraft:enchanted_book":2,"minecraft:brewing_stand":3,"minecraft:shield":2,"minecraft:string":33,"minecraft:iron_leggings":4,"minecraft:diamond_leggings":2,"minecraft:spruce_planks":36,"minecraft:beef":38,"minecraft:oak_boat":5,"minecraft:wooden_shovel":1,"minecraft:enchanted_golden_apple":2,"minecraft:spruce_slab":2,"minecraft:lectern":68,"minecraft:sugar_cane":39,"minecraft:furnace":9,"minecraft:iron_boots":5,"minecraft:stick":53,"minecraft:spruce_stairs":3,"minecraft:porkchop":18,"minecraft:diorite":137,"minecraft:arrow":330,"minecraft:diamond_chestplate":2,"minecraft:rotten_flesh":12,"minecraft:diamond_boots":2,"minecraft:obsidian":7,"minecraft:mutton":6,"minecraft:white_wool":6,"minecraft:cobblestone":1088,"minecraft:enchanting_table":3,"minecraft:water_bucket":4,"minecraft:andesite":18,"minecraft:leather":91,"minecraft:flint":3,"minecraft:oak_log":20,"minecraft:lapis_lazuli":15,"minecraft:dirt":108,"minecraft:blue_bed":4,"minecraft:bone":10,"minecraft:bow":2,"minecraft:wheat_seeds":3,"minecraft:iron_ingot":77,"minecraft:grindstone":2,"minecraft:iron_ore":96,"minecraft:diamond_helmet":2,"minecraft:fletching_table":13,"minecraft:cooked_porkchop":3,"minecraft:sweet_berries":3,"minecraft:dandelion":2,"minecraft:gravel":42,"minecraft:spruce_sapling":3,"minecraft:spruce_log":159,"minecraft:dark_oak_log":8,"minecraft:spruce_door":1,"minecraft:mossy_cobblestone":1,"minecraft:diamond":65,"minecraft:spruce_boat":1,"minecraft:stone_axe":2,"minecraft:granite":65,"minecraft:diamond_axe":5,"minecraft:emerald":34,"minecraft:coal":109,"minecraft:oak_sapling":5,"minecraft:black_wool":4,"minecraft:diamond_pickaxe":2}},"DataVersion":2586}