{"stats":{"minecraft:crafted":{"minecraft:crafting_table":1,"minecraft:spruce_planks":28,"minecraft:wooden_pickaxe":1,"minecraft:furnace":1,"minecraft:bucket":1,"minecraft:air":0,"minecraft:shield":1,"minecraft:stick":4,"minecraft:iron_ingot":8,"minecraft:stone_pickaxe":1,"minecraft:white_bed":1,"minecraft:spruce_boat":1},"minecraft:used":{"minecraft:water_bucket":17,"minecraft:diorite":2,"minecraft:stone_pickaxe":64,"minecraft:shield":7,"minecraft:spruce_planks":2,"minecraft:wooden_pickaxe":3,"minecraft:dirt":19,"minecraft:crafting_table":4,"minecraft:white_bed":2,"minecraft:spruce_boat":2,"minecraft:grass_block":1,"minecraft:bread":8,"minecraft:spruce_sapling":1,"minecraft:gravel":42,"minecraft:stone_axe":21,"minecraft:cobblestone":13,"minecraft:furnace":1,"minecraft:bucket":18},"minecraft:dropped":{"minecraft:rotten_flesh":1,"minecraft:spruce_boat":1,"minecraft:wooden_pickaxe":1,"minecraft:spruce_sapling":1},"minecraft:custom":{"minecraft:interact_with_furnace":6,"minecraft:mob_kills":13,"minecraft:interact_with_crafting_table":10,"minecraft:play_one_minute":32161,"minecraft:leave_game":3,"minecraft:time_since_death":32161,"minecraft:sleep_in_bed":1,"minecraft:time_since_rest":199,"minecraft:sprint_one_cm":83904,"minecraft:damage_taken":254,"minecraft:walk_one_cm":50100,"minecraft:drop":4,"minecraft:damage_dealt":1749,"minecraft:swim_one_cm":20132,"minecraft:fly_one_cm":111034,"minecraft:open_chest":9,"minecraft:crouch_one_cm":7528,"minecraft:sneak_time":3383,"minecraft:walk_under_water_one_cm":3364,"minecraft:boat_one_cm":97335,"minecraft:jump":562,"minecraft:walk_on_water_one_cm":3468,"minecraft:fall_one_cm":10371},"minecraft:mined":{"minecraft:white_bed":2,"minecraft:dark_oak_leaves":1,"minecraft:crafting_table":3,"minecraft:grass_block":7,"minecraft:cobblestone":4,"minecraft:spruce_leaves":24,"minecraft:sugar_cane":4,"minecraft:diorite":2,"minecraft:furnace":1,"minecraft:iron_ore":8,"minecraft:spruce_log":7,"minecraft:birch_leaves":1,"minecraft:grass":5,"minecraft:coal_ore":24,"minecraft:dirt":7,"minecraft:gravel":47,"minecraft:stone":26,"minecraft:oak_leaves":2},"minecraft:killed":{"minecraft:sheep":9,"minecraft:skeleton":2,"minecraft:zombie":1,"minecraft:enderman":1},"minecraft:picked_up":{"minecraft:crafting_table":3,"minecraft:flint":3,"minecraft:dirt":29,"minecraft:bone":2,"minecraft:bow":1,"minecraft:spruce_planks":19,"minecraft:iron_ore":8,"minecraft:light_gray_wool":1,"minecraft:sugar_cane":6,"minecraft:furnace":1,"minecraft:stick":1,"minecraft:gravel":42,"minecraft:spruce_sapling":2,"minecraft:white_bed":2,"minecraft:diorite":2,"minecraft:spruce_log":7,"minecraft:grass_block":1,"minecraft:dark_oak_log":2,"minecraft:rotten_flesh":1,"minecraft:spruce_boat":3,"minecraft:mutton":16,"minecraft:coal":31,"minecraft:white_wool":8,"minecraft:cobblestone":30}},"DataVersion":2586}