{"stats":{"minecraft:crafted":{"minecraft:oak_planks":20,"minecraft:furnace":1,"minecraft:iron_boots":1,"minecraft:iron_axe":1,"minecraft:stone_pickaxe":1,"minecraft:chest":1,"minecraft:spruce_boat":1,"minecraft:dark_oak_planks":8,"minecraft:cooked_porkchop":17,"minecraft:crafting_table":1,"minecraft:spruce_planks":28,"minecraft:wooden_pickaxe":1,"minecraft:iron_helmet":1,"minecraft:bucket":1,"minecraft:air":0,"minecraft:iron_chestplate":1,"minecraft:diamond_pickaxe":1,"minecraft:shield":1,"minecraft:stick":12,"minecraft:iron_ingot":33,"minecraft:iron_pickaxe":1,"minecraft:iron_leggings":1,"minecraft:gold_ingot":6,"minecraft:white_bed":1},"minecraft:used":{"minecraft:spruce_planks":2,"minecraft:shield":27,"minecraft:dirt":33,"minecraft:anvil":1,"minecraft:granite":1,"minecraft:obsidian":16,"minecraft:spruce_boat":5,"minecraft:dark_oak_planks":8,"minecraft:lava_bucket":1,"minecraft:grass_block":4,"minecraft:iron_axe":89,"minecraft:furnace":4,"minecraft:oak_sapling":3,"minecraft:water_bucket":151,"minecraft:diorite":5,"minecraft:stone_pickaxe":126,"minecraft:ender_pearl":1,"minecraft:wooden_pickaxe":3,"minecraft:tnt":1,"minecraft:crafting_table":7,"minecraft:white_bed":4,"minecraft:diamond_pickaxe":20,"minecraft:bread":36,"minecraft:iron_pickaxe":74,"minecraft:spruce_sapling":1,"minecraft:gravel":42,"minecraft:stone_axe":53,"minecraft:fishing_rod":33,"minecraft:cobblestone":40,"minecraft:porkchop":3,"minecraft:cooked_porkchop":5,"minecraft:bucket":152,"minecraft:andesite":2,"minecraft:dandelion":2},"minecraft:dropped":{"minecraft:wheat_seeds":3,"minecraft:cobblestone":9,"minecraft:grass_block":1,"minecraft:rail":55,"minecraft:cod":4,"minecraft:dirt":4,"minecraft:potion":1,"minecraft:dark_oak_planks":1,"minecraft:white_wool":7,"minecraft:spruce_sapling":1,"minecraft:gravel":3,"minecraft:furnace":1,"minecraft:stone_axe":2,"minecraft:compass":1,"minecraft:sweet_berries":3,"minecraft:sugar_cane":15,"minecraft:wheat":16,"minecraft:rotten_flesh":1,"minecraft:light_gray_wool":1,"minecraft:salmon":3,"minecraft:filled_map":1,"minecraft:poppy":1,"minecraft:leather_chestplate":3,"minecraft:spruce_boat":1,"minecraft:leather_boots":2,"minecraft:wooden_pickaxe":1,"minecraft:arrow":1,"minecraft:bow":1,"minecraft:beef":6,"minecraft:stone_pickaxe":1,"minecraft:magma_block":1},"minecraft:custom":{"minecraft:interact_with_anvil":1,"minecraft:mob_kills":52,"minecraft:interact_with_crafting_table":19,"minecraft:leave_game":4,"minecraft:time_since_death":57872,"minecraft:sprint_one_cm":374993,"minecraft:walk_one_cm":124643,"minecraft:drop":40,"minecraft:deaths":1,"minecraft:sneak_time":10554,"minecraft:walk_under_water_one_cm":37500,"minecraft:boat_one_cm":184258,"minecraft:jump":3152,"minecraft:walk_on_water_one_cm":42878,"minecraft:interact_with_furnace":36,"minecraft:play_one_minute":180308,"minecraft:sleep_in_bed":3,"minecraft:time_since_rest":58011,"minecraft:damage_taken":1789,"minecraft:damage_dealt":6783,"minecraft:swim_one_cm":94016,"minecraft:fly_one_cm":2210703,"minecraft:open_chest":19,"minecraft:crouch_one_cm":14483,"minecraft:fish_caught":5,"minecraft:fall_one_cm":81397},"minecraft:killed_by":{"minecraft:creeper":1},"minecraft:mined":{"minecraft:dark_oak_planks":1,"minecraft:diamond_ore":8,"minecraft:white_bed":4,"minecraft:dark_oak_leaves":1,"minecraft:obsidian":8,"minecraft:grass_block":9,"minecraft:spruce_leaves":31,"minecraft:spawner":1,"minecraft:large_fern":2,"minecraft:magma_block":1,"minecraft:furnace":3,"minecraft:iron_ore":73,"minecraft:andesite":4,"minecraft:stone":58,"minecraft:crafting_table":6,"minecraft:tall_grass":4,"minecraft:cobblestone":9,"minecraft:lapis_ore":6,"minecraft:sugar_cane":14,"minecraft:diorite":6,"minecraft:spruce_log":7,"minecraft:birch_leaves":1,"minecraft:tnt":1,"minecraft:grass":58,"minecraft:coal_ore":24,"minecraft:oak_log":34,"minecraft:gravel":50,"minecraft:dirt":9,"minecraft:mossy_stone_bricks":2,"minecraft:gold_ore":6,"minecraft:oak_leaves":10,"minecraft:fern":1},"minecraft:killed":{"minecraft:spider":1,"minecraft:skeleton":10,"minecraft:silverfish":2,"minecraft:drowned":1,"minecraft:pig":9,"minecraft:bat":2,"minecraft:sheep":11,"minecraft:zombie":9,"minecraft:enderman":1,"minecraft:cow":6},"minecraft:picked_up":{"minecraft:fishing_rod":1,"minecraft:crafting_table":6,"minecraft:potion":1,"minecraft:string":1,"minecraft:spruce_planks":19,"minecraft:beef":12,"minecraft:poppy":1,"minecraft:light_gray_wool":1,"minecraft:sugar_cane":15,"minecraft:egg":2,"minecraft:furnace":4,"minecraft:stick":3,"minecraft:porkchop":22,"minecraft:diorite":5,"minecraft:dark_oak_planks":1,"minecraft:tnt":1,"minecraft:arrow":7,"minecraft:rotten_flesh":1,"minecraft:obsidian":8,"minecraft:mutton":19,"minecraft:cod":4,"minecraft:rail":55,"minecraft:white_wool":10,"minecraft:cobblestone":60,"minecraft:magma_block":1,"minecraft:leather_chestplate":1,"minecraft:andesite":2,"minecraft:salmon":3,"minecraft:leather":7,"minecraft:flint":3,"minecraft:oak_log":34,"minecraft:lapis_lazuli":39,"minecraft:dirt":33,"minecraft:leather_boots":2,"minecraft:bone":6,"minecraft:bow":1,"minecraft:wheat_seeds":3,"minecraft:iron_ore":73,"minecraft:sweet_berries":3,"minecraft:dandelion":2,"minecraft:gravel":45,"minecraft:spruce_sapling":2,"minecraft:grass_block":2,"minecraft:white_bed":4,"minecraft:spruce_log":7,"minecraft:gold_ore":6,"minecraft:dark_oak_log":2,"minecraft:spruce_boat":5,"minecraft:diamond":8,"minecraft:granite":1,"minecraft:oak_sapling":3,"minecraft:coal":62,"minecraft:ender_pearl":1}},"DataVersion":2586}