{"stats":{"minecraft:crafted":{"minecraft:shield":1,"minecraft:crafting_table":1,"minecraft:spruce_planks":28,"minecraft:stick":4,"minecraft:wooden_pickaxe":1,"minecraft:iron_ingot":8,"minecraft:stone_pickaxe":1,"minecraft:furnace":1,"minecraft:spruce_boat":1,"minecraft:bucket":1,"minecraft:air":0},"minecraft:used":{"minecraft:spruce_boat":1,"minecraft:water_bucket":17,"minecraft:diorite":2,"minecraft:stone_pickaxe":64,"minecraft:bread":4,"minecraft:wooden_pickaxe":3,"minecraft:spruce_planks":2,"minecraft:shield":1,"minecraft:gravel":42,"minecraft:spruce_sapling":1,"minecraft:dirt":10,"minecraft:cobblestone":13,"minecraft:crafting_table":3,"minecraft:furnace":1,"minecraft:bucket":18},"minecraft:dropped":{"minecraft:wooden_pickaxe":1,"minecraft:spruce_sapling":1},"minecraft:custom":{"minecraft:time_since_rest":20161,"minecraft:interact_with_furnace":6,"minecraft:sprint_one_cm":45731,"minecraft:damage_taken":140,"minecraft:walk_one_cm":30023,"minecraft:drop":2,"minecraft:damage_dealt":19,"minecraft:swim_one_cm":20132,"minecraft:interact_with_crafting_table":9,"minecraft:fly_one_cm":40841,"minecraft:open_chest":9,"minecraft:play_one_minute":20161,"minecraft:crouch_one_cm":7528,"minecraft:sneak_time":3304,"minecraft:walk_under_water_one_cm":3364,"minecraft:boat_one_cm":44970,"minecraft:jump":287,"minecraft:leave_game":3,"minecraft:time_since_death":20161,"minecraft:walk_on_water_one_cm":2231,"minecraft:fall_one_cm":4612},"minecraft:mined":{"minecraft:furnace":1,"minecraft:dark_oak_leaves":1,"minecraft:iron_ore":8,"minecraft:spruce_log":7,"minecraft:birch_leaves":1,"minecraft:crafting_table":3,"minecraft:grass":1,"minecraft:grass_block":2,"minecraft:coal_ore":24,"minecraft:gravel":47,"minecraft:dirt":2,"minecraft:cobblestone":4,"minecraft:spruce_leaves":24,"minecraft:stone":26,"minecraft:sugar_cane":3,"minecraft:diorite":2,"minecraft:oak_leaves":1},"minecraft:picked_up":{"minecraft:stick":1,"minecraft:crafting_table":3,"minecraft:gravel":42,"minecraft:flint":3,"minecraft:spruce_sapling":2,"minecraft:diorite":2,"minecraft:spruce_log":7,"minecraft:dark_oak_log":2,"minecraft:dirt":19,"minecraft:spruce_planks":19,"minecraft:iron_ore":8,"minecraft:sugar_cane":2,"minecraft:coal":31,"minecraft:cobblestone":30,"minecraft:furnace":1}},"DataVersion":2586}