{"stats":{"minecraft:crafted":{"minecraft:oak_planks":20,"minecraft:cooked_porkchop":17,"minecraft:crafting_table":1,"minecraft:spruce_planks":28,"minecraft:wooden_pickaxe":1,"minecraft:iron_helmet":1,"minecraft:furnace":1,"minecraft:bucket":1,"minecraft:air":0,"minecraft:iron_boots":1,"minecraft:iron_chestplate":1,"minecraft:shield":1,"minecraft:iron_axe":1,"minecraft:stick":12,"minecraft:iron_ingot":33,"minecraft:iron_pickaxe":1,"minecraft:stone_pickaxe":1,"minecraft:chest":1,"minecraft:iron_leggings":1,"minecraft:white_bed":1,"minecraft:spruce_boat":1,"minecraft:dark_oak_planks":8},"minecraft:used":{"minecraft:water_bucket":129,"minecraft:diorite":5,"minecraft:stone_pickaxe":126,"minecraft:shield":20,"minecraft:spruce_planks":2,"minecraft:wooden_pickaxe":3,"minecraft:dirt":29,"minecraft:tnt":1,"minecraft:crafting_table":6,"minecraft:white_bed":4,"minecraft:spruce_boat":5,"minecraft:dark_oak_planks":8,"minecraft:iron_axe":62,"minecraft:grass_block":1,"minecraft:bread":35,"minecraft:iron_pickaxe":36,"minecraft:spruce_sapling":1,"minecraft:gravel":42,"minecraft:stone_axe":53,"minecraft:fishing_rod":25,"minecraft:cobblestone":40,"minecraft:oak_sapling":3,"minecraft:cooked_porkchop":2,"minecraft:furnace":3,"minecraft:porkchop":2,"minecraft:andesite":2,"minecraft:bucket":130,"minecraft:dandelion":2},"minecraft:dropped":{"minecraft:gravel":3,"minecraft:furnace":1,"minecraft:stone_axe":2,"minecraft:sweet_berries":3,"minecraft:sugar_cane":15,"minecraft:wheat_seeds":3,"minecraft:wheat":16,"minecraft:rotten_flesh":1,"minecraft:light_gray_wool":1,"minecraft:salmon":3,"minecraft:cod":4,"minecraft:leather_chestplate":3,"minecraft:filled_map":1,"minecraft:poppy":1,"minecraft:dirt":4,"minecraft:spruce_boat":1,"minecraft:leather_boots":2,"minecraft:stone_pickaxe":1,"minecraft:potion":1,"minecraft:beef":6,"minecraft:arrow":1,"minecraft:bow":1,"minecraft:wooden_pickaxe":1,"minecraft:magma_block":1,"minecraft:dark_oak_planks":1,"minecraft:white_wool":7,"minecraft:spruce_sapling":1},"minecraft:custom":{"minecraft:interact_with_furnace":27,"minecraft:mob_kills":40,"minecraft:interact_with_crafting_table":17,"minecraft:play_one_minute":110161,"minecraft:leave_game":3,"minecraft:time_since_death":110161,"minecraft:sleep_in_bed":2,"minecraft:time_since_rest":62455,"minecraft:sprint_one_cm":352351,"minecraft:damage_taken":1231,"minecraft:walk_one_cm":106170,"minecraft:drop":35,"minecraft:damage_dealt":5214,"minecraft:swim_one_cm":94016,"minecraft:fly_one_cm":642484,"minecraft:open_chest":19,"minecraft:crouch_one_cm":11246,"minecraft:sneak_time":6620,"minecraft:walk_under_water_one_cm":33298,"minecraft:boat_one_cm":184258,"minecraft:jump":2938,"minecraft:walk_on_water_one_cm":29764,"minecraft:fish_caught":5,"minecraft:fall_one_cm":78908},"minecraft:mined":{"minecraft:dark_oak_planks":1,"minecraft:white_bed":3,"minecraft:dark_oak_leaves":1,"minecraft:crafting_table":6,"minecraft:grass_block":9,"minecraft:tall_grass":4,"minecraft:cobblestone":7,"minecraft:spruce_leaves":31,"minecraft:sugar_cane":14,"minecraft:diorite":5,"minecraft:large_fern":2,"minecraft:spawner":1,"minecraft:magma_block":1,"minecraft:furnace":3,"minecraft:iron_ore":67,"minecraft:andesite":3,"minecraft:spruce_log":7,"minecraft:birch_leaves":1,"minecraft:tnt":1,"minecraft:grass":58,"minecraft:oak_log":34,"minecraft:coal_ore":24,"minecraft:dirt":9,"minecraft:gravel":50,"minecraft:stone":48,"minecraft:mossy_stone_bricks":2,"minecraft:oak_leaves":10,"minecraft:fern":1},"minecraft:killed":{"minecraft:pig":9,"minecraft:spider":1,"minecraft:sheep":11,"minecraft:skeleton":8,"minecraft:zombie":2,"minecraft:silverfish":1,"minecraft:drowned":1,"minecraft:cow":6,"minecraft:enderman":1},"minecraft:picked_up":{"minecraft:fishing_rod":1,"minecraft:magma_block":1,"minecraft:crafting_table":6,"minecraft:leather_chestplate":1,"minecraft:salmon":3,"minecraft:andesite":2,"minecraft:leather":7,"minecraft:potion":1,"minecraft:flint":3,"minecraft:oak_log":34,"minecraft:string":1,"minecraft:dirt":33,"minecraft:leather_boots":2,"minecraft:bone":4,"minecraft:bow":1,"minecraft:wheat_seeds":3,"minecraft:spruce_planks":19,"minecraft:beef":12,"minecraft:iron_ore":67,"minecraft:poppy":1,"minecraft:light_gray_wool":1,"minecraft:sugar_cane":15,"minecraft:furnace":4,"minecraft:stick":3,"minecraft:sweet_berries":3,"minecraft:dandelion":2,"minecraft:gravel":45,"minecraft:porkchop":22,"minecraft:spruce_sapling":2,"minecraft:white_bed":3,"minecraft:diorite":5,"minecraft:spruce_log":7,"minecraft:grass_block":1,"minecraft:dark_oak_log":2,"minecraft:dark_oak_planks":1,"minecraft:tnt":1,"minecraft:arrow":6,"minecraft:rotten_flesh":1,"minecraft:spruce_boat":5,"minecraft:granite":1,"minecraft:oak_sapling":3,"minecraft:cod":4,"minecraft:mutton":19,"minecraft:coal":62,"minecraft:white_wool":10,"minecraft:cobblestone":51}},"DataVersion":2586}