{"stats":{"minecraft:broken":{"minecraft:shears":4,"minecraft:iron_pickaxe":1},"minecraft:crafted":{"minecraft:oak_planks":380,"minecraft:cobblestone_slab":6,"minecraft:bookshelf":18,"minecraft:hopper":6,"minecraft:diamond_helmet":2,"minecraft:diamond_leggings":2,"minecraft:iron_boots":1,"minecraft:chest":15,"minecraft:rail":16,"minecraft:arrow":128,"minecraft:emerald":11,"minecraft:cooked_porkchop":17,"minecraft:diamond_axe":2,"minecraft:crafting_table":5,"minecraft:spruce_planks":28,"minecraft:wooden_pickaxe":1,"minecraft:iron_helmet":1,"minecraft:fletching_table":1,"minecraft:iron_chestplate":1,"minecraft:diamond_pickaxe":2,"minecraft:shield":2,"minecraft:stick":400,"minecraft:iron_ingot":33,"minecraft:iron_pickaxe":1,"minecraft:iron_block":3,"minecraft:gold_ingot":21,"minecraft:shears":5,"minecraft:furnace":1,"minecraft:flint_and_steel":1,"minecraft:iron_axe":2,"minecraft:stone_pickaxe":1,"minecraft:diamond_boots":2,"minecraft:spruce_boat":1,"minecraft:dark_oak_planks":8,"minecraft:minecart":1,"minecraft:wheat":216,"minecraft:diamond_sword":1,"minecraft:enchanting_table":1,"minecraft:bucket":1,"minecraft:air":0,"minecraft:bread":72,"minecraft:oak_boat":3,"minecraft:golden_apple":1,"minecraft:iron_leggings":1,"minecraft:anvil":1,"minecraft:white_bed":1,"minecraft:diamond_chestplate":2},"minecraft:killed":{"minecraft:spider":7,"minecraft:skeleton":25,"minecraft:silverfish":2,"minecraft:piglin":15,"minecraft:pig":9,"minecraft:ender_dragon":1,"minecraft:creeper":3,"minecraft:sheep":11,"minecraft:zombie":25,"minecraft:blaze":1,"minecraft:cow":6,"minecraft:phantom":1,"minecraft:drowned":2,"minecraft:bat":2,"minecraft:hoglin":9,"minecraft:villager":1,"minecraft:enderman":992},"minecraft:killed_by":{"minecraft:wither_skeleton":1,"minecraft:creeper":4,"minecraft:zombie":1,"minecraft:player":6,"minecraft:skeleton":1},"minecraft:custom":{"minecraft:interact_with_crafting_table":63,"minecraft:leave_game":12,"minecraft:time_since_death":27517,"minecraft:sprint_one_cm":1452844,"minecraft:drop":280,"minecraft:talked_to_villager":16,"minecraft:deaths":19,"minecraft:jump":11987,"minecraft:walk_on_water_one_cm":60190,"minecraft:enchant_item":7,"minecraft:interact_with_furnace":36,"minecraft:traded_with_villager":19,"minecraft:play_one_minute":730257,"minecraft:sleep_in_bed":4,"minecraft:damage_dealt":116415,"minecraft:player_kills":1,"minecraft:crouch_one_cm":239302,"minecraft:interact_with_anvil":37,"minecraft:mob_kills":1544,"minecraft:climb_one_cm":27748,"minecraft:walk_one_cm":741422,"minecraft:damage_dealt_absorbed":46,"minecraft:sneak_time":95753,"minecraft:walk_under_water_one_cm":93805,"minecraft:boat_one_cm":301770,"minecraft:interact_with_grindstone":1,"minecraft:time_since_rest":27662,"minecraft:damage_taken":13877,"minecraft:damage_absorbed":40,"minecraft:swim_one_cm":125994,"minecraft:fly_one_cm":5984094,"minecraft:open_chest":256,"minecraft:fish_caught":59,"minecraft:fall_one_cm":352979},"minecraft:picked_up":{"minecraft:iron_chestplate":2,"minecraft:anvil":2,"minecraft:diamond_sword":1,"minecraft:oak_stairs":3,"minecraft:potion":3,"minecraft:enchanted_book":1,"minecraft:nether_brick":13,"minecraft:golden_sword":2,"minecraft:string":17,"minecraft:soul_soil":1,"minecraft:iron_leggings":2,"minecraft:pufferfish":7,"minecraft:diamond_leggings":2,"minecraft:gold_nugget":217,"minecraft:bucket":4,"minecraft:spruce_planks":19,"minecraft:cobblestone_slab":3,"minecraft:enchanted_golden_apple":1,"minecraft:furnace":7,"minecraft:iron_boots":2,"minecraft:stick":37,"minecraft:torch":8,"minecraft:porkchop":22,"minecraft:diorite":76,"minecraft:rotten_flesh":34,"minecraft:tropical_fish":1,"minecraft:bookshelf":10,"minecraft:obsidian":31,"minecraft:cod":37,"minecraft:cobblestone":982,"minecraft:enchanting_table":1,"minecraft:magma_block":16,"minecraft:leather_chestplate":1,"minecraft:iron_door":2,"minecraft:water_bucket":2,"minecraft:andesite":83,"minecraft:golden_leggings":3,"minecraft:flint":12,"minecraft:lapis_lazuli":267,"minecraft:dirt":289,"minecraft:name_tag":4,"minecraft:leather_boots":2,"minecraft:bone":31,"minecraft:chipped_anvil":1,"minecraft:bow":6,"minecraft:wheat_seeds":26,"minecraft:diamond_helmet":2,"minecraft:fletching_table":4,"minecraft:mossy_stone_bricks":6,"minecraft:glowstone_dust":11,"minecraft:oak_planks":534,"minecraft:mossy_stone_brick_stairs":3,"minecraft:cooked_porkchop":110,"minecraft:sand":16,"minecraft:grass_block":3,"minecraft:spectral_arrow":45,"minecraft:dark_oak_log":2,"minecraft:mossy_cobblestone":1,"minecraft:diamond":64,"minecraft:spruce_boat":5,"minecraft:cracked_polished_blackstone_bricks":38,"minecraft:granite":30,"minecraft:grass":2,"minecraft:emerald":9,"minecraft:bread":136,"minecraft:oak_sapling":7,"minecraft:netherrack":4997,"minecraft:oak_leaves":3625,"minecraft:crimson_roots":11,"minecraft:diamond_pickaxe":15,"minecraft:fishing_rod":4,"minecraft:charcoal":20,"minecraft:crafting_table":9,"minecraft:diamond_horse_armor":2,"minecraft:shield":6,"minecraft:iron_axe":7,"minecraft:flint_and_steel":3,"minecraft:blackstone":182,"minecraft:cracked_stone_bricks":2,"minecraft:netherite_sword":2,"minecraft:beef":12,"minecraft:oak_boat":42,"minecraft:poppy":1,"minecraft:light_gray_wool":1,"minecraft:minecart":6,"minecraft:sugar_cane":15,"minecraft:chest":3,"minecraft:egg":2,"minecraft:end_stone":39,"minecraft:fire_charge":4,"minecraft:polished_blackstone_bricks":6,"minecraft:redstone":18,"minecraft:dark_oak_planks":1,"minecraft:tnt":1,"minecraft:arrow":31,"minecraft:weeping_vines":7,"minecraft:diamond_chestplate":2,"minecraft:nether_bricks":8,"minecraft:shears":4,"minecraft:diamond_boots":1,"minecraft:hay_block":24,"minecraft:saddle":1,"minecraft:gold_ingot":19,"minecraft:mutton":19,"minecraft:rail":55,"minecraft:white_wool":10,"minecraft:stripped_oak_log":8,"minecraft:netherite_boots":1,"minecraft:birch_leaves":11,"minecraft:basalt":834,"minecraft:salmon":16,"minecraft:leather":17,"minecraft:oak_log":333,"minecraft:ancient_debris":5,"minecraft:yellow_bed":2,"minecraft:gunpowder":4,"minecraft:apple":9,"minecraft:iron_ingot":30,"minecraft:iron_ore":73,"minecraft:soul_sand":8,"minecraft:book":34,"minecraft:sweet_berries":14,"minecraft:quartz":52,"minecraft:dandelion":3,"minecraft:gravel":145,"minecraft:lava_bucket":2,"minecraft:spruce_sapling":204,"minecraft:white_bed":4,"minecraft:spruce_log":23,"minecraft:gold_ore":6,"minecraft:crying_obsidian":15,"minecraft:dragon_egg":1,"minecraft:spider_eye":3,"minecraft:iron_helmet":2,"minecraft:warped_roots":20,"minecraft:warped_nylium":2,"minecraft:coal":65,"minecraft:hopper":8,"minecraft:ender_pearl":49},"minecraft:mined":{"minecraft:dark_oak_planks":1,"minecraft:white_bed":4,"minecraft:obsidian":13,"minecraft:granite":17,"minecraft:grass_block":21,"minecraft:cracked_polished_blackstone_bricks":35,"minecraft:soul_soil":1,"minecraft:hopper":4,"minecraft:gilded_blackstone":1,"minecraft:spawner":1,"minecraft:polished_blackstone_bricks":41,"minecraft:weeping_vines_plant":2,"minecraft:magma_block":14,"minecraft:glowstone":4,"minecraft:iron_ore":77,"minecraft:fire":8,"minecraft:fletching_table":4,"minecraft:anvil":1,"minecraft:enchanting_table":1,"minecraft:blackstone":119,"minecraft:crimson_nylium":3,"minecraft:chest":3,"minecraft:nether_quartz_ore":37,"minecraft:cobblestone":33,"minecraft:sugar_cane":14,"minecraft:oak_planks":3,"minecraft:iron_door":1,"minecraft:warped_nylium":13,"minecraft:tnt":1,"minecraft:grass":125,"minecraft:infested_mossy_stone_bricks":1,"minecraft:oak_log":141,"minecraft:sand":1,"minecraft:dirt":54,"minecraft:netherrack":2243,"minecraft:ancient_debris":5,"minecraft:oak_leaves":1206,"minecraft:nether_gold_ore":7,"minecraft:diamond_ore":49,"minecraft:mossy_cobblestone":1,"minecraft:dark_oak_leaves":1,"minecraft:end_stone":33,"minecraft:nether_bricks":4,"minecraft:crimson_roots":4,"minecraft:spruce_leaves":44,"minecraft:large_fern":3,"minecraft:hay_block":22,"minecraft:redstone_ore":2,"minecraft:furnace":3,"minecraft:nether_sprouts":3,"minecraft:andesite":31,"minecraft:stripped_oak_log":8,"minecraft:stone":321,"minecraft:smithing_table":1,"minecraft:infested_stone_bricks":1,"minecraft:basalt":436,"minecraft:dandelion":1,"minecraft:crafting_table":8,"minecraft:emerald_ore":1,"minecraft:warped_roots":1,"minecraft:tall_grass":15,"minecraft:lapis_ore":15,"minecraft:diorite":57,"minecraft:blue_bed":2,"minecraft:purple_bed":3,"minecraft:sweet_berry_bush":3,"minecraft:spruce_log":7,"minecraft:birch_leaves":15,"minecraft:yellow_bed":1,"minecraft:grass_path":1,"minecraft:coal_ore":25,"minecraft:gravel":66,"minecraft:cracked_stone_bricks":1,"minecraft:stone_bricks":5,"minecraft:mossy_stone_bricks":4,"minecraft:gold_ore":6,"minecraft:fern":1},"minecraft:dropped":{"minecraft:soul_sand":8,"minecraft:lapis_lazuli":35,"minecraft:ender_pearl":3,"minecraft:cooked_porkchop":63,"minecraft:weeping_vines":7,"minecraft:warped_roots":18,"minecraft:cracked_stone_bricks":1,"minecraft:rail":55,"minecraft:cod":17,"minecraft:dirt":77,"minecraft:cracked_polished_blackstone_bricks":35,"minecraft:netherite_scrap":9,"minecraft:crimson_roots":11,"minecraft:gold_nugget":9,"minecraft:polished_blackstone_bricks":3,"minecraft:dark_oak_planks":1,"minecraft:white_wool":7,"minecraft:gold_ingot":32,"minecraft:bone":4,"minecraft:gravel":16,"minecraft:stone_axe":2,"minecraft:compass":1,"minecraft:blackstone":86,"minecraft:sugar_cane":15,"minecraft:nether_brick":13,"minecraft:netherite_sword":1,"minecraft:wheat":16,"minecraft:obsidian":11,"minecraft:rotten_flesh":21,"minecraft:oak_planks":41,"minecraft:end_stone":12,"minecraft:glowstone_dust":11,"minecraft:salmon":8,"minecraft:poppy":1,"minecraft:leather_chestplate":3,"minecraft:gunpowder":4,"minecraft:leather_boots":2,"minecraft:chest":1,"minecraft:basalt":287,"minecraft:arrow":28,"minecraft:beef":6,"minecraft:crying_obsidian":9,"minecraft:quartz":22,"minecraft:oak_leaves":372,"minecraft:netherrack":2455,"minecraft:iron_ingot":2,"minecraft:wheat_seeds":26,"minecraft:oak_fence":1,"minecraft:iron_helmet":1,"minecraft:cobblestone":137,"minecraft:spectral_arrow":26,"minecraft:granite":17,"minecraft:grass_block":1,"minecraft:coal":3,"minecraft:stick":4,"minecraft:pufferfish":2,"minecraft:lava_bucket":1,"minecraft:diamond_horse_armor":1,"minecraft:diorite":40,"minecraft:iron_door":1,"minecraft:fire_charge":2,"minecraft:potion":2,"minecraft:iron_leggings":1,"minecraft:oak_stairs":2,"minecraft:chipped_anvil":1,"minecraft:string":11,"minecraft:spruce_sapling":2,"minecraft:dandelion":1,"minecraft:redstone":9,"minecraft:furnace":1,"minecraft:anvil":2,"minecraft:sweet_berries":3,"minecraft:warped_nylium":1,"minecraft:soul_soil":1,"minecraft:light_gray_wool":1,"minecraft:iron_boots":1,"minecraft:filled_map":1,"minecraft:diamond_sword":1,"minecraft:spruce_boat":1,"minecraft:iron_chestplate":1,"minecraft:diamond_pickaxe":3,"minecraft:andesite":81,"minecraft:mossy_stone_bricks":6,"minecraft:golden_leggings":3,"minecraft:golden_sword":1,"minecraft:spider_eye":3,"minecraft:bow":2,"minecraft:stone_pickaxe":1,"minecraft:wooden_pickaxe":1,"minecraft:magma_block":3},"minecraft:used":{"minecraft:ladder":56,"minecraft:chest":11,"minecraft:shield":64,"minecraft:grass":1,"minecraft:nether_bricks":8,"minecraft:obsidian":34,"minecraft:spruce_boat":5,"minecraft:lava_bucket":5,"minecraft:grass_block":4,"minecraft:warped_nylium":1,"minecraft:magma_block":9,"minecraft:bow":52,"minecraft:oak_sapling":5,"minecraft:furnace":4,"minecraft:diorite":5,"minecraft:birch_leaves":6,"minecraft:stone_pickaxe":126,"minecraft:oak_planks":71,"minecraft:ender_pearl":45,"minecraft:blackstone":11,"minecraft:wooden_pickaxe":3,"minecraft:diamond_axe":62,"minecraft:oak_leaves":887,"minecraft:golden_apple":1,"minecraft:sand":1,"minecraft:end_stone":27,"minecraft:shears":1149,"minecraft:bread":108,"minecraft:gravel":81,"minecraft:diamond_sword":1312,"minecraft:grindstone":2,"minecraft:andesite":2,"minecraft:oak_boat":41,"minecraft:oak_fence":289,"minecraft:oak_trapdoor":6,"minecraft:netherite_sword":45,"minecraft:enchanting_table":2,"minecraft:flint_and_steel":27,"minecraft:spruce_planks":2,"minecraft:netherrack":963,"minecraft:torch":2,"minecraft:dirt":255,"minecraft:anvil":4,"minecraft:hopper":6,"minecraft:granite":1,"minecraft:dark_oak_planks":8,"minecraft:bookshelf":18,"minecraft:iron_axe":367,"minecraft:basalt":70,"minecraft:minecart":2,"minecraft:water_bucket":204,"minecraft:fletching_table":5,"minecraft:cobblestone_slab":6,"minecraft:warped_roots":1,"minecraft:cracked_stone_bricks":1,"minecraft:polished_blackstone_bricks":3,"minecraft:salmon":4,"minecraft:mossy_cobblestone":1,"minecraft:rail":1,"minecraft:tnt":1,"minecraft:crafting_table":14,"minecraft:white_bed":4,"minecraft:cod":6,"minecraft:diamond_pickaxe":3278,"minecraft:cracked_polished_blackstone_bricks":3,"minecraft:iron_pickaxe":324,"minecraft:spruce_sapling":1,"minecraft:stone_axe":53,"minecraft:fishing_rod":142,"minecraft:cobblestone":292,"minecraft:porkchop":3,"minecraft:cooked_porkchop":45,"minecraft:bucket":209,"minecraft:dandelion":2}},"DataVersion":2586}