{"stats":{"minecraft:crafted":{"minecraft:cooked_porkchop":17,"minecraft:crafting_table":1,"minecraft:spruce_planks":28,"minecraft:wooden_pickaxe":1,"minecraft:iron_helmet":1,"minecraft:furnace":1,"minecraft:bucket":1,"minecraft:air":0,"minecraft:iron_boots":1,"minecraft:iron_chestplate":1,"minecraft:shield":1,"minecraft:iron_axe":1,"minecraft:stick":4,"minecraft:iron_ingot":25,"minecraft:stone_pickaxe":1,"minecraft:iron_leggings":1,"minecraft:white_bed":1,"minecraft:spruce_boat":1,"minecraft:dark_oak_planks":8},"minecraft:used":{"minecraft:water_bucket":107,"minecraft:diorite":5,"minecraft:stone_pickaxe":114,"minecraft:shield":12,"minecraft:spruce_planks":2,"minecraft:wooden_pickaxe":3,"minecraft:dirt":29,"minecraft:tnt":1,"minecraft:crafting_table":5,"minecraft:white_bed":3,"minecraft:spruce_boat":5,"minecraft:dark_oak_planks":8,"minecraft:grass_block":1,"minecraft:bread":28,"minecraft:spruce_sapling":1,"minecraft:gravel":42,"minecraft:stone_axe":53,"minecraft:fishing_rod":19,"minecraft:cobblestone":37,"minecraft:furnace":2,"minecraft:porkchop":2,"minecraft:andesite":2,"minecraft:bucket":108},"minecraft:dropped":{"minecraft:gravel":3,"minecraft:stone_axe":2,"minecraft:sweet_berries":3,"minecraft:wheat_seeds":2,"minecraft:wheat":16,"minecraft:rotten_flesh":1,"minecraft:light_gray_wool":1,"minecraft:salmon":3,"minecraft:cod":2,"minecraft:leather_chestplate":3,"minecraft:filled_map":1,"minecraft:poppy":1,"minecraft:dirt":4,"minecraft:spruce_boat":1,"minecraft:leather_boots":2,"minecraft:potion":1,"minecraft:arrow":1,"minecraft:bow":1,"minecraft:wooden_pickaxe":1,"minecraft:magma_block":1,"minecraft:dark_oak_planks":1,"minecraft:spruce_sapling":1},"minecraft:custom":{"minecraft:interact_with_furnace":20,"minecraft:mob_kills":30,"minecraft:interact_with_crafting_table":14,"minecraft:play_one_minute":86161,"minecraft:leave_game":3,"minecraft:time_since_death":86161,"minecraft:sleep_in_bed":2,"minecraft:time_since_rest":38455,"minecraft:sprint_one_cm":238019,"minecraft:damage_taken":838,"minecraft:walk_one_cm":77866,"minecraft:drop":27,"minecraft:damage_dealt":3809,"minecraft:swim_one_cm":92051,"minecraft:fly_one_cm":416379,"minecraft:open_chest":19,"minecraft:crouch_one_cm":9100,"minecraft:sneak_time":5625,"minecraft:walk_under_water_one_cm":33108,"minecraft:boat_one_cm":184258,"minecraft:jump":1961,"minecraft:walk_on_water_one_cm":24698,"minecraft:fish_caught":5,"minecraft:fall_one_cm":50296},"minecraft:mined":{"minecraft:dark_oak_planks":1,"minecraft:white_bed":3,"minecraft:dark_oak_leaves":1,"minecraft:crafting_table":4,"minecraft:grass_block":9,"minecraft:tall_grass":3,"minecraft:cobblestone":7,"minecraft:spruce_leaves":31,"minecraft:sugar_cane":11,"minecraft:diorite":5,"minecraft:spawner":1,"minecraft:magma_block":1,"minecraft:furnace":1,"minecraft:iron_ore":25,"minecraft:andesite":2,"minecraft:spruce_log":7,"minecraft:birch_leaves":1,"minecraft:tnt":1,"minecraft:grass":27,"minecraft:coal_ore":24,"minecraft:dirt":9,"minecraft:gravel":50,"minecraft:stone":46,"minecraft:mossy_stone_bricks":2,"minecraft:oak_leaves":2},"minecraft:killed":{"minecraft:pig":8,"minecraft:sheep":11,"minecraft:skeleton":5,"minecraft:zombie":1,"minecraft:drowned":1,"minecraft:cow":3,"minecraft:enderman":1},"minecraft:picked_up":{"minecraft:fishing_rod":1,"minecraft:magma_block":1,"minecraft:crafting_table":4,"minecraft:leather_chestplate":1,"minecraft:salmon":3,"minecraft:andesite":2,"minecraft:leather":5,"minecraft:potion":1,"minecraft:flint":3,"minecraft:dirt":33,"minecraft:leather_boots":2,"minecraft:bone":2,"minecraft:bow":1,"minecraft:wheat_seeds":2,"minecraft:spruce_planks":19,"minecraft:iron_ore":25,"minecraft:poppy":1,"minecraft:light_gray_wool":1,"minecraft:sugar_cane":9,"minecraft:furnace":1,"minecraft:stick":2,"minecraft:sweet_berries":3,"minecraft:gravel":45,"minecraft:porkchop":19,"minecraft:spruce_sapling":2,"minecraft:white_bed":3,"minecraft:diorite":5,"minecraft:spruce_log":7,"minecraft:grass_block":1,"minecraft:dark_oak_log":2,"minecraft:dark_oak_planks":1,"minecraft:tnt":1,"minecraft:arrow":3,"minecraft:rotten_flesh":1,"minecraft:spruce_boat":5,"minecraft:cod":3,"minecraft:mutton":19,"minecraft:coal":31,"minecraft:white_wool":10,"minecraft:cobblestone":51}},"DataVersion":2586}