{"stats":{"minecraft:killed":{"minecraft:cave_spider":1,"minecraft:spider":1,"minecraft:skeleton":4,"minecraft:silverfish":3,"minecraft:pig":8,"minecraft:iron_golem":1,"minecraft:sheep":5,"minecraft:zombie":7,"minecraft:cow":12},"minecraft:custom":{"minecraft:mob_kills":42,"minecraft:interact_with_crafting_table":41,"minecraft:leave_game":4,"minecraft:time_since_death":182431,"minecraft:climb_one_cm":492,"minecraft:sprint_one_cm":286547,"minecraft:walk_one_cm":240990,"minecraft:drop":71,"minecraft:talked_to_villager":135,"minecraft:sneak_time":19320,"minecraft:walk_under_water_one_cm":660,"minecraft:boat_one_cm":2664,"minecraft:jump":2269,"minecraft:walk_on_water_one_cm":16589,"minecraft:interact_with_furnace":62,"minecraft:traded_with_villager":54,"minecraft:play_one_minute":182431,"minecraft:sleep_in_bed":4,"minecraft:time_since_rest":41841,"minecraft:damage_taken":1612,"minecraft:damage_dealt":6369,"minecraft:swim_one_cm":1678,"minecraft:fly_one_cm":275850,"minecraft:open_chest":4,"minecraft:crouch_one_cm":43066,"minecraft:fall_one_cm":54166},"minecraft:mined":{"minecraft:diamond_ore":33,"minecraft:spruce_planks":6,"minecraft:mossy_cobblestone":1,"minecraft:dark_oak_log":8,"minecraft:brewing_stand":1,"minecraft:obsidian":5,"minecraft:granite":40,"minecraft:grass_block":15,"minecraft:spruce_leaves":22,"minecraft:spawner":1,"minecraft:large_fern":2,"minecraft:redstone_ore":6,"minecraft:furnace":3,"minecraft:iron_ore":59,"minecraft:fire":2,"minecraft:andesite":8,"minecraft:fletching_table":11,"minecraft:stone":458,"minecraft:spruce_slab":2,"minecraft:glass_pane":1,"minecraft:dandelion":1,"minecraft:crafting_table":9,"minecraft:lectern":43,"minecraft:campfire":1,"minecraft:tall_grass":3,"minecraft:cobblestone":12,"minecraft:grindstone":1,"minecraft:sugar_cane":6,"minecraft:diorite":64,"minecraft:blue_bed":1,"minecraft:spruce_stairs":3,"minecraft:spruce_log":156,"minecraft:birch_leaves":9,"minecraft:grass_path":15,"minecraft:grass":32,"minecraft:oak_log":19,"minecraft:coal_ore":37,"minecraft:gravel":37,"minecraft:dirt":67,"minecraft:infested_stone":2,"minecraft:oak_leaves":13,"minecraft:fern":2},"minecraft:picked_up":{"minecraft:crafting_table":9,"minecraft:brewing_stand":1,"minecraft:string":11,"minecraft:spruce_planks":2,"minecraft:beef":24,"minecraft:oak_boat":1,"minecraft:wooden_shovel":1,"minecraft:spruce_slab":2,"minecraft:lectern":44,"minecraft:sugar_cane":25,"minecraft:furnace":3,"minecraft:iron_boots":1,"minecraft:stick":3,"minecraft:spruce_stairs":3,"minecraft:porkchop":18,"minecraft:diorite":73,"minecraft:arrow":67,"minecraft:rotten_flesh":8,"minecraft:obsidian":7,"minecraft:mutton":6,"minecraft:white_wool":6,"minecraft:cobblestone":449,"minecraft:water_bucket":2,"minecraft:andesite":7,"minecraft:leather":34,"minecraft:flint":3,"minecraft:oak_log":20,"minecraft:dirt":95,"minecraft:blue_bed":1,"minecraft:bone":3,"minecraft:wheat_seeds":3,"minecraft:grindstone":2,"minecraft:iron_ingot":3,"minecraft:iron_ore":59,"minecraft:fletching_table":12,"minecraft:cooked_porkchop":3,"minecraft:dandelion":2,"minecraft:gravel":42,"minecraft:spruce_sapling":3,"minecraft:spruce_log":159,"minecraft:spruce_door":1,"minecraft:dark_oak_log":8,"minecraft:mossy_cobblestone":1,"minecraft:diamond":33,"minecraft:spruce_boat":1,"minecraft:stone_axe":2,"minecraft:granite":48,"minecraft:diamond_axe":3,"minecraft:oak_sapling":4,"minecraft:coal":41,"minecraft:black_wool":4},"minecraft:dropped":{"minecraft:water_bucket":2,"minecraft:iron_ingot":10,"minecraft:bread":1,"minecraft:wheat_seeds":3,"minecraft:diamond_axe":3,"minecraft:mossy_cobblestone":1,"minecraft:diamond":3,"minecraft:cooked_porkchop":2,"minecraft:cobblestone":81,"minecraft:granite":41,"minecraft:spruce_stairs":3,"minecraft:dirt":41,"minecraft:diorite":56,"minecraft:white_wool":3,"minecraft:spruce_sapling":3,"minecraft:dandelion":2,"minecraft:gravel":8,"minecraft:stone_axe":3,"minecraft:obsidian":3,"minecraft:rotten_flesh":5,"minecraft:grindstone":2,"minecraft:iron_boots":1,"minecraft:cooked_mutton":4,"minecraft:flint_and_steel":1,"minecraft:andesite":4,"minecraft:wooden_shovel":1,"minecraft:oak_sapling":4,"minecraft:spruce_slab":1,"minecraft:bow":1,"minecraft:arrow":192,"minecraft:wooden_pickaxe":1,"minecraft:black_wool":4,"minecraft:lectern":3},"minecraft:used":{"minecraft:spruce_slab":11,"minecraft:stone_shovel":33,"minecraft:spruce_planks":30,"minecraft:shield":17,"minecraft:dirt":54,"minecraft:mutton":2,"minecraft:granite":7,"minecraft:spruce_boat":1,"minecraft:lava_bucket":6,"minecraft:beef":1,"minecraft:furnace":6,"minecraft:cooked_beef":8,"minecraft:water_bucket":22,"minecraft:diorite":17,"minecraft:stone_pickaxe":114,"minecraft:wooden_pickaxe":12,"minecraft:diamond_axe":333,"minecraft:fletching_table":12,"minecraft:crafting_table":12,"minecraft:white_bed":1,"minecraft:spruce_log":7,"minecraft:diamond_pickaxe":394,"minecraft:iron_pickaxe":252,"minecraft:lectern":43,"minecraft:gravel":34,"minecraft:stone_axe":26,"minecraft:cobblestone":201,"minecraft:porkchop":1,"minecraft:cooked_porkchop":16,"minecraft:andesite":3,"minecraft:bucket":29,"minecraft:oak_boat":1},"minecraft:crafted":{"minecraft:oak_planks":80,"minecraft:stone_shovel":1,"minecraft:furnace":4,"minecraft:bookshelf":2,"minecraft:cooked_mutton":4,"minecraft:flint_and_steel":1,"minecraft:bow":2,"minecraft:iron_boots":1,"minecraft:spruce_slab":18,"minecraft:stone_pickaxe":1,"minecraft:dark_oak_planks":32,"minecraft:cooked_beef":8,"minecraft:arrow":256,"minecraft:emerald":36,"minecraft:cooked_porkchop":17,"minecraft:diamond_axe":1,"minecraft:crafting_table":3,"minecraft:enchanting_table":1,"minecraft:spruce_planks":608,"minecraft:iron_helmet":1,"minecraft:wooden_pickaxe":1,"minecraft:fletching_table":1,"minecraft:bucket":1,"minecraft:stone_axe":1,"minecraft:air":0,"minecraft:oak_boat":1,"minecraft:lectern":2,"minecraft:iron_chestplate":1,"minecraft:book":7,"minecraft:paper":21,"minecraft:diamond_pickaxe":1,"minecraft:shield":1,"minecraft:stick":1236,"minecraft:iron_ingot":48,"minecraft:iron_pickaxe":1,"minecraft:iron_leggings":1,"minecraft:white_bed":1},"minecraft:broken":{"minecraft:stone_pickaxe":1,"minecraft:iron_pickaxe":1}},"DataVersion":2586}