{"stats":{"minecraft:used":{"minecraft:spruce_slab":11,"minecraft:shield":15,"minecraft:dirt":40,"minecraft:mutton":2,"minecraft:granite":7,"minecraft:spruce_boat":1,"minecraft:furnace":5,"minecraft:cooked_beef":3,"minecraft:water_bucket":1,"minecraft:diorite":17,"minecraft:stone_pickaxe":114,"minecraft:wooden_pickaxe":12,"minecraft:fletching_table":9,"minecraft:diamond_axe":264,"minecraft:crafting_table":11,"minecraft:white_bed":1,"minecraft:spruce_log":7,"minecraft:diamond_pickaxe":14,"minecraft:iron_pickaxe":252,"minecraft:lectern":27,"minecraft:gravel":34,"minecraft:stone_axe":26,"minecraft:cobblestone":182,"minecraft:cooked_porkchop":13,"minecraft:porkchop":1,"minecraft:bucket":2,"minecraft:oak_boat":1},"minecraft:dropped":{"minecraft:iron_ingot":10,"minecraft:bread":1,"minecraft:wheat_seeds":3,"minecraft:diamond_axe":1,"minecraft:mossy_cobblestone":1,"minecraft:diamond":3,"minecraft:cooked_porkchop":2,"minecraft:cobblestone":17,"minecraft:granite":13,"minecraft:spruce_stairs":3,"minecraft:dirt":38,"minecraft:diorite":30,"minecraft:white_wool":3,"minecraft:spruce_sapling":3,"minecraft:dandelion":2,"minecraft:gravel":8,"minecraft:stone_axe":3,"minecraft:rotten_flesh":5,"minecraft:grindstone":2,"minecraft:iron_boots":1,"minecraft:cooked_mutton":4,"minecraft:andesite":4,"minecraft:oak_sapling":4,"minecraft:wooden_shovel":1,"minecraft:spruce_slab":1,"minecraft:arrow":192,"minecraft:bow":1,"minecraft:wooden_pickaxe":1,"minecraft:lectern":3,"minecraft:black_wool":4},"minecraft:mined":{"minecraft:diamond_ore":25,"minecraft:mossy_cobblestone":1,"minecraft:dark_oak_log":8,"minecraft:brewing_stand":1,"minecraft:granite":12,"minecraft:grass_block":11,"minecraft:spruce_leaves":19,"minecraft:spawner":1,"minecraft:large_fern":2,"minecraft:furnace":3,"minecraft:iron_ore":38,"minecraft:andesite":4,"minecraft:fletching_table":8,"minecraft:stone":205,"minecraft:spruce_slab":2,"minecraft:glass_pane":1,"minecraft:dandelion":1,"minecraft:crafting_table":9,"minecraft:campfire":1,"minecraft:lectern":27,"minecraft:tall_grass":3,"minecraft:cobblestone":11,"minecraft:grindstone":1,"minecraft:sugar_cane":6,"minecraft:diorite":32,"minecraft:blue_bed":1,"minecraft:spruce_stairs":3,"minecraft:spruce_log":128,"minecraft:birch_leaves":9,"minecraft:grass_path":9,"minecraft:grass":32,"minecraft:coal_ore":19,"minecraft:oak_log":19,"minecraft:gravel":37,"minecraft:dirt":38,"minecraft:fern":2,"minecraft:oak_leaves":13,"minecraft:infested_stone":2},"minecraft:custom":{"minecraft:mob_kills":36,"minecraft:interact_with_crafting_table":37,"minecraft:leave_game":3,"minecraft:time_since_death":143248,"minecraft:climb_one_cm":492,"minecraft:sprint_one_cm":232392,"minecraft:walk_one_cm":192201,"minecraft:drop":60,"minecraft:talked_to_villager":89,"minecraft:sneak_time":13264,"minecraft:walk_under_water_one_cm":156,"minecraft:boat_one_cm":2664,"minecraft:jump":1950,"minecraft:walk_on_water_one_cm":1191,"minecraft:interact_with_furnace":56,"minecraft:traded_with_villager":42,"minecraft:play_one_minute":143248,"minecraft:sleep_in_bed":4,"minecraft:time_since_rest":2658,"minecraft:damage_taken":911,"minecraft:damage_dealt":5387,"minecraft:fly_one_cm":245205,"minecraft:swim_one_cm":1678,"minecraft:open_chest":4,"minecraft:crouch_one_cm":29760,"minecraft:fall_one_cm":47879},"minecraft:picked_up":{"minecraft:crafting_table":9,"minecraft:brewing_stand":1,"minecraft:beef":24,"minecraft:oak_boat":1,"minecraft:wooden_shovel":1,"minecraft:spruce_slab":2,"minecraft:lectern":28,"minecraft:sugar_cane":25,"minecraft:iron_boots":1,"minecraft:furnace":3,"minecraft:stick":3,"minecraft:spruce_stairs":3,"minecraft:porkchop":18,"minecraft:diorite":47,"minecraft:arrow":67,"minecraft:rotten_flesh":5,"minecraft:mutton":6,"minecraft:white_wool":6,"minecraft:cobblestone":245,"minecraft:andesite":4,"minecraft:leather":34,"minecraft:flint":3,"minecraft:oak_log":20,"minecraft:blue_bed":1,"minecraft:dirt":86,"minecraft:bone":2,"minecraft:wheat_seeds":3,"minecraft:iron_ingot":3,"minecraft:grindstone":2,"minecraft:iron_ore":38,"minecraft:fletching_table":8,"minecraft:dandelion":2,"minecraft:gravel":42,"minecraft:spruce_sapling":3,"minecraft:spruce_log":132,"minecraft:spruce_door":1,"minecraft:dark_oak_log":8,"minecraft:mossy_cobblestone":1,"minecraft:spruce_boat":1,"minecraft:stone_axe":2,"minecraft:diamond":25,"minecraft:granite":20,"minecraft:diamond_axe":1,"minecraft:oak_sapling":4,"minecraft:black_wool":4,"minecraft:coal":23},"minecraft:broken":{"minecraft:stone_pickaxe":1,"minecraft:iron_pickaxe":1},"minecraft:killed":{"minecraft:spider":1,"minecraft:skeleton":3,"minecraft:silverfish":3,"minecraft:pig":8,"minecraft:iron_golem":1,"minecraft:sheep":5,"minecraft:zombie":3,"minecraft:cow":12},"minecraft:crafted":{"minecraft:oak_planks":80,"minecraft:furnace":3,"minecraft:bookshelf":2,"minecraft:cooked_mutton":4,"minecraft:bow":2,"minecraft:iron_boots":1,"minecraft:spruce_slab":18,"minecraft:stone_pickaxe":1,"minecraft:dark_oak_planks":32,"minecraft:cooked_beef":8,"minecraft:arrow":256,"minecraft:emerald":24,"minecraft:cooked_porkchop":17,"minecraft:diamond_axe":1,"minecraft:crafting_table":2,"minecraft:spruce_planks":496,"minecraft:wooden_pickaxe":1,"minecraft:iron_helmet":1,"minecraft:fletching_table":1,"minecraft:bucket":1,"minecraft:stone_axe":1,"minecraft:air":0,"minecraft:oak_boat":1,"minecraft:lectern":2,"minecraft:iron_chestplate":1,"minecraft:book":6,"minecraft:paper":18,"minecraft:diamond_pickaxe":1,"minecraft:shield":1,"minecraft:stick":1116,"minecraft:iron_pickaxe":1,"minecraft:iron_ingot":38,"minecraft:iron_leggings":1,"minecraft:white_bed":1}},"DataVersion":2586}