{"stats":{"minecraft:crafted":{"minecraft:oak_planks":24,"minecraft:crafting_table":1,"minecraft:stick":4,"minecraft:stone_pickaxe":1,"minecraft:wooden_pickaxe":1},"minecraft:picked_up":{"minecraft:wheat_seeds":1,"minecraft:porkchop":4,"minecraft:oak_log":6,"minecraft:coal":16,"minecraft:oak_sapling":2,"minecraft:white_wool":3,"minecraft:mutton":6,"minecraft:dirt":2,"minecraft:cobblestone":11},"minecraft:mined":{"minecraft:grass":5,"minecraft:coal_ore":16,"minecraft:grass_block":1,"minecraft:oak_log":6,"minecraft:dirt":1,"minecraft:cobblestone":1,"minecraft:stone":7,"minecraft:oak_leaves":4},"minecraft:dropped":{"minecraft:wheat_seeds":1},"minecraft:killed":{"minecraft:sheep":3,"minecraft:pig":3},"minecraft:used":{"minecraft:dirt":2,"minecraft:mutton":2,"minecraft:cobblestone":2,"minecraft:porkchop":1,"minecraft:stone_pickaxe":41},"minecraft:custom":{"minecraft:time_since_rest":40800,"minecraft:play_one_minute":40800,"minecraft:crouch_one_cm":2162,"minecraft:sprint_one_cm":42394,"minecraft:damage_taken":50,"minecraft:walk_one_cm":12188,"minecraft:sneak_time":940,"minecraft:mob_kills":6,"minecraft:drop":1,"minecraft:jump":267,"minecraft:damage_dealt":540,"minecraft:leave_game":2,"minecraft:time_since_death":40800,"minecraft:interact_with_crafting_table":4,"minecraft:fall_one_cm":9873,"minecraft:fly_one_cm":49553}},"DataVersion":2586}