{"stats":{"minecraft:crafted":{"minecraft:oak_planks":176,"minecraft:furnace":1,"minecraft:bookshelf":10,"minecraft:flint_and_steel":1,"minecraft:diamond_leggings":1,"minecraft:diamond_helmet":1,"minecraft:iron_boots":1,"minecraft:iron_axe":1,"minecraft:stone_pickaxe":1,"minecraft:diamond_boots":1,"minecraft:chest":2,"minecraft:spruce_boat":1,"minecraft:dark_oak_planks":8,"minecraft:wheat":216,"minecraft:arrow":64,"minecraft:emerald":7,"minecraft:cooked_porkchop":17,"minecraft:crafting_table":3,"minecraft:spruce_planks":28,"minecraft:enchanting_table":1,"minecraft:wooden_pickaxe":1,"minecraft:iron_helmet":1,"minecraft:fletching_table":1,"minecraft:bucket":1,"minecraft:bread":72,"minecraft:air":0,"minecraft:oak_boat":1,"minecraft:iron_chestplate":1,"minecraft:diamond_pickaxe":1,"minecraft:shield":2,"minecraft:stick":252,"minecraft:iron_ingot":33,"minecraft:iron_pickaxe":1,"minecraft:iron_block":3,"minecraft:iron_leggings":1,"minecraft:gold_ingot":6,"minecraft:anvil":1,"minecraft:white_bed":1,"minecraft:diamond_chestplate":1},"minecraft:used":{"minecraft:enchanting_table":1,"minecraft:flint_and_steel":22,"minecraft:chest":3,"minecraft:spruce_planks":2,"minecraft:shield":41,"minecraft:netherrack":352,"minecraft:dirt":196,"minecraft:anvil":3,"minecraft:nether_bricks":8,"minecraft:granite":1,"minecraft:obsidian":33,"minecraft:spruce_boat":5,"minecraft:dark_oak_planks":8,"minecraft:lava_bucket":1,"minecraft:iron_axe":152,"minecraft:grass_block":4,"minecraft:basalt":67,"minecraft:oak_sapling":3,"minecraft:furnace":4,"minecraft:water_bucket":160,"minecraft:diorite":5,"minecraft:stone_pickaxe":126,"minecraft:ender_pearl":1,"minecraft:wooden_pickaxe":3,"minecraft:fletching_table":1,"minecraft:sand":1,"minecraft:tnt":1,"minecraft:crafting_table":9,"minecraft:white_bed":4,"minecraft:diamond_pickaxe":1248,"minecraft:bread":44,"minecraft:iron_pickaxe":324,"minecraft:spruce_sapling":1,"minecraft:gravel":42,"minecraft:stone_axe":53,"minecraft:fishing_rod":68,"minecraft:cobblestone":43,"minecraft:porkchop":3,"minecraft:cooked_porkchop":15,"minecraft:andesite":2,"minecraft:bucket":161,"minecraft:oak_boat":1,"minecraft:dandelion":2},"minecraft:dropped":{"minecraft:wheat_seeds":4,"minecraft:cooked_porkchop":4,"minecraft:iron_helmet":1,"minecraft:cobblestone":73,"minecraft:granite":5,"minecraft:rail":55,"minecraft:grass_block":1,"minecraft:cod":4,"minecraft:diamond_horse_armor":1,"minecraft:dirt":52,"minecraft:diorite":9,"minecraft:iron_leggings":1,"minecraft:potion":1,"minecraft:dark_oak_planks":1,"minecraft:white_wool":7,"minecraft:spruce_sapling":1,"minecraft:gravel":3,"minecraft:furnace":1,"minecraft:stone_axe":2,"minecraft:blackstone":60,"minecraft:compass":1,"minecraft:sweet_berries":3,"minecraft:sugar_cane":15,"minecraft:soul_soil":1,"minecraft:wheat":16,"minecraft:rotten_flesh":10,"minecraft:light_gray_wool":1,"minecraft:oak_planks":9,"minecraft:iron_boots":1,"minecraft:salmon":3,"minecraft:filled_map":1,"minecraft:poppy":1,"minecraft:leather_chestplate":3,"minecraft:spruce_boat":1,"minecraft:iron_chestplate":1,"minecraft:andesite":48,"minecraft:leather_boots":2,"minecraft:chest":1,"minecraft:basalt":286,"minecraft:wooden_pickaxe":1,"minecraft:beef":6,"minecraft:bow":1,"minecraft:arrow":1,"minecraft:stone_pickaxe":1,"minecraft:magma_block":1,"minecraft:netherrack":233},"minecraft:custom":{"minecraft:interact_with_anvil":1,"minecraft:mob_kills":78,"minecraft:interact_with_crafting_table":34,"minecraft:leave_game":5,"minecraft:time_since_death":1721,"minecraft:sprint_one_cm":601116,"minecraft:walk_one_cm":224408,"minecraft:drop":72,"minecraft:talked_to_villager":7,"minecraft:deaths":3,"minecraft:sneak_time":37161,"minecraft:walk_under_water_one_cm":38777,"minecraft:boat_one_cm":226863,"minecraft:jump":4688,"minecraft:walk_on_water_one_cm":45985,"minecraft:interact_with_furnace":36,"minecraft:traded_with_villager":11,"minecraft:play_one_minute":330695,"minecraft:sleep_in_bed":3,"minecraft:time_since_rest":1848,"minecraft:damage_taken":3192,"minecraft:damage_dealt":11015,"minecraft:swim_one_cm":97240,"minecraft:fly_one_cm":2718635,"minecraft:open_chest":37,"minecraft:crouch_one_cm":102669,"minecraft:fish_caught":25,"minecraft:fall_one_cm":121468},"minecraft:broken":{"minecraft:iron_pickaxe":1},"minecraft:killed_by":{"minecraft:wither_skeleton":1,"minecraft:creeper":2},"minecraft:mined":{"minecraft:dark_oak_planks":1,"minecraft:nether_gold_ore":6,"minecraft:diamond_ore":49,"minecraft:white_bed":4,"minecraft:dark_oak_leaves":1,"minecraft:obsidian":9,"minecraft:nether_bricks":4,"minecraft:granite":17,"minecraft:grass_block":12,"minecraft:soul_soil":1,"minecraft:spruce_leaves":39,"minecraft:spawner":1,"minecraft:large_fern":2,"minecraft:hay_block":22,"minecraft:redstone_ore":2,"minecraft:magma_block":2,"minecraft:furnace":3,"minecraft:iron_ore":77,"minecraft:fire":4,"minecraft:andesite":20,"minecraft:anvil":1,"minecraft:enchanting_table":1,"minecraft:stone":237,"minecraft:smithing_table":1,"minecraft:blackstone":60,"minecraft:basalt":422,"minecraft:crafting_table":6,"minecraft:nether_quartz_ore":10,"minecraft:tall_grass":8,"minecraft:cobblestone":9,"minecraft:lapis_ore":15,"minecraft:sugar_cane":14,"minecraft:diorite":46,"minecraft:blue_bed":2,"minecraft:purple_bed":3,"minecraft:spruce_log":7,"minecraft:birch_leaves":1,"minecraft:tnt":1,"minecraft:grass_path":1,"minecraft:grass":61,"minecraft:oak_log":34,"minecraft:coal_ore":24,"minecraft:gravel":65,"minecraft:sand":1,"minecraft:dirt":18,"minecraft:netherrack":645,"minecraft:mossy_stone_bricks":2,"minecraft:gold_ore":6,"minecraft:oak_leaves":10,"minecraft:fern":1},"minecraft:killed":{"minecraft:spider":4,"minecraft:skeleton":16,"minecraft:silverfish":2,"minecraft:drowned":2,"minecraft:piglin":2,"minecraft:pig":9,"minecraft:bat":2,"minecraft:sheep":11,"minecraft:zombie":17,"minecraft:villager":1,"minecraft:enderman":1,"minecraft:blaze":1,"minecraft:cow":6},"minecraft:picked_up":{"minecraft:fishing_rod":3,"minecraft:iron_chestplate":2,"minecraft:crafting_table":6,"minecraft:anvil":1,"minecraft:oak_stairs":2,"minecraft:potion":1,"minecraft:enchanted_book":1,"minecraft:diamond_horse_armor":2,"minecraft:shield":2,"minecraft:string":6,"minecraft:soul_soil":1,"minecraft:iron_axe":1,"minecraft:flint_and_steel":3,"minecraft:iron_leggings":2,"minecraft:pufferfish":2,"minecraft:blackstone":120,"minecraft:diamond_leggings":1,"minecraft:gold_nugget":72,"minecraft:bucket":1,"minecraft:spruce_planks":19,"minecraft:beef":12,"minecraft:poppy":1,"minecraft:light_gray_wool":1,"minecraft:enchanted_golden_apple":1,"minecraft:sugar_cane":15,"minecraft:iron_boots":2,"minecraft:furnace":4,"minecraft:egg":2,"minecraft:stick":35,"minecraft:torch":2,"minecraft:porkchop":22,"minecraft:diorite":76,"minecraft:redstone":18,"minecraft:dark_oak_planks":1,"minecraft:tnt":1,"minecraft:diamond_chestplate":1,"minecraft:arrow":17,"minecraft:rotten_flesh":15,"minecraft:tropical_fish":1,"minecraft:nether_bricks":8,"minecraft:diamond_boots":1,"minecraft:hay_block":24,"minecraft:bookshelf":10,"minecraft:saddle":1,"minecraft:gold_ingot":10,"minecraft:obsidian":26,"minecraft:mutton":19,"minecraft:cobblestone":403,"minecraft:cod":17,"minecraft:rail":55,"minecraft:white_wool":10,"minecraft:magma_block":1,"minecraft:leather_chestplate":1,"minecraft:water_bucket":1,"minecraft:basalt":830,"minecraft:andesite":50,"minecraft:salmon":7,"minecraft:leather":7,"minecraft:flint":7,"minecraft:oak_log":34,"minecraft:lapis_lazuli":149,"minecraft:dirt":119,"minecraft:name_tag":4,"minecraft:leather_boots":2,"minecraft:bone":11,"minecraft:bow":4,"minecraft:wheat_seeds":4,"minecraft:iron_ingot":24,"minecraft:iron_ore":73,"minecraft:diamond_helmet":1,"minecraft:oak_planks":82,"minecraft:book":34,"minecraft:cooked_porkchop":16,"minecraft:sweet_berries":3,"minecraft:quartz":30,"minecraft:dandelion":2,"minecraft:gravel":71,"minecraft:sand":1,"minecraft:spruce_sapling":2,"minecraft:grass_block":3,"minecraft:white_bed":4,"minecraft:spruce_log":7,"minecraft:gold_ore":6,"minecraft:dark_oak_log":2,"minecraft:diamond":64,"minecraft:spruce_boat":5,"minecraft:iron_helmet":2,"minecraft:granite":30,"minecraft:emerald":6,"minecraft:bread":136,"minecraft:oak_sapling":3,"minecraft:netherrack":1192,"minecraft:coal":62,"minecraft:diamond_pickaxe":2,"minecraft:ender_pearl":1}},"DataVersion":2586}