{"stats":{"minecraft:picked_up":{"minecraft:fishing_rod":1,"minecraft:crafting_table":6,"minecraft:enchanted_book":1,"minecraft:potion":1,"minecraft:string":1,"minecraft:spruce_planks":19,"minecraft:beef":12,"minecraft:poppy":1,"minecraft:light_gray_wool":1,"minecraft:sugar_cane":15,"minecraft:furnace":4,"minecraft:egg":2,"minecraft:stick":3,"minecraft:porkchop":22,"minecraft:diorite":5,"minecraft:dark_oak_planks":1,"minecraft:tnt":1,"minecraft:arrow":8,"minecraft:rotten_flesh":1,"minecraft:hay_block":11,"minecraft:saddle":1,"minecraft:obsidian":8,"minecraft:mutton":19,"minecraft:cod":8,"minecraft:rail":55,"minecraft:white_wool":10,"minecraft:cobblestone":60,"minecraft:magma_block":1,"minecraft:leather_chestplate":1,"minecraft:andesite":2,"minecraft:salmon":4,"minecraft:leather":7,"minecraft:flint":3,"minecraft:oak_log":34,"minecraft:lapis_lazuli":39,"minecraft:dirt":33,"minecraft:leather_boots":2,"minecraft:bone":7,"minecraft:bow":2,"minecraft:wheat_seeds":3,"minecraft:iron_ore":73,"minecraft:oak_planks":56,"minecraft:sweet_berries":3,"minecraft:dandelion":2,"minecraft:gravel":45,"minecraft:sand":1,"minecraft:spruce_sapling":2,"minecraft:grass_block":3,"minecraft:white_bed":4,"minecraft:spruce_log":7,"minecraft:gold_ore":6,"minecraft:dark_oak_log":2,"minecraft:diamond":8,"minecraft:spruce_boat":5,"minecraft:granite":1,"minecraft:oak_sapling":3,"minecraft:coal":62,"minecraft:ender_pearl":1},"minecraft:custom":{"minecraft:mob_kills":54,"minecraft:interact_with_anvil":1,"minecraft:interact_with_crafting_table":20,"minecraft:leave_game":4,"minecraft:time_since_death":73673,"minecraft:sprint_one_cm":383205,"minecraft:walk_one_cm":131049,"minecraft:drop":41,"minecraft:talked_to_villager":5,"minecraft:deaths":1,"minecraft:sneak_time":10617,"minecraft:walk_under_water_one_cm":37500,"minecraft:boat_one_cm":184258,"minecraft:jump":3210,"minecraft:walk_on_water_one_cm":42878,"minecraft:interact_with_furnace":36,"minecraft:traded_with_villager":11,"minecraft:play_one_minute":196109,"minecraft:sleep_in_bed":3,"minecraft:time_since_rest":73812,"minecraft:damage_taken":1789,"minecraft:damage_dealt":6920,"minecraft:swim_one_cm":94016,"minecraft:fly_one_cm":2232389,"minecraft:open_chest":21,"minecraft:crouch_one_cm":14602,"minecraft:fish_caught":10,"minecraft:fall_one_cm":82920},"minecraft:killed":{"minecraft:spider":1,"minecraft:skeleton":11,"minecraft:silverfish":2,"minecraft:drowned":1,"minecraft:pig":9,"minecraft:bat":2,"minecraft:sheep":11,"minecraft:zombie":9,"minecraft:enderman":1,"minecraft:cow":6},"minecraft:dropped":{"minecraft:wheat_seeds":3,"minecraft:cobblestone":9,"minecraft:rail":55,"minecraft:grass_block":1,"minecraft:cod":4,"minecraft:dirt":4,"minecraft:potion":1,"minecraft:dark_oak_planks":1,"minecraft:white_wool":7,"minecraft:spruce_sapling":1,"minecraft:gravel":3,"minecraft:furnace":1,"minecraft:stone_axe":2,"minecraft:compass":1,"minecraft:sweet_berries":3,"minecraft:sugar_cane":15,"minecraft:wheat":16,"minecraft:rotten_flesh":1,"minecraft:light_gray_wool":1,"minecraft:salmon":3,"minecraft:filled_map":1,"minecraft:poppy":1,"minecraft:leather_chestplate":3,"minecraft:spruce_boat":1,"minecraft:leather_boots":2,"minecraft:chest":1,"minecraft:wooden_pickaxe":1,"minecraft:bow":1,"minecraft:arrow":1,"minecraft:beef":6,"minecraft:stone_pickaxe":1,"minecraft:magma_block":1},"minecraft:used":{"minecraft:flint_and_steel":3,"minecraft:chest":2,"minecraft:spruce_planks":2,"minecraft:shield":27,"minecraft:dirt":33,"minecraft:anvil":1,"minecraft:granite":1,"minecraft:obsidian":16,"minecraft:spruce_boat":5,"minecraft:dark_oak_planks":8,"minecraft:lava_bucket":1,"minecraft:iron_axe":91,"minecraft:grass_block":4,"minecraft:oak_sapling":3,"minecraft:furnace":4,"minecraft:water_bucket":151,"minecraft:diorite":5,"minecraft:stone_pickaxe":126,"minecraft:ender_pearl":1,"minecraft:wooden_pickaxe":3,"minecraft:fletching_table":1,"minecraft:tnt":1,"minecraft:crafting_table":8,"minecraft:white_bed":4,"minecraft:diamond_pickaxe":20,"minecraft:bread":36,"minecraft:iron_pickaxe":75,"minecraft:spruce_sapling":1,"minecraft:gravel":42,"minecraft:stone_axe":53,"minecraft:fishing_rod":48,"minecraft:cobblestone":40,"minecraft:porkchop":3,"minecraft:cooked_porkchop":5,"minecraft:andesite":2,"minecraft:bucket":152,"minecraft:dandelion":2},"minecraft:crafted":{"minecraft:oak_planks":176,"minecraft:furnace":1,"minecraft:flint_and_steel":1,"minecraft:iron_boots":1,"minecraft:iron_axe":1,"minecraft:stone_pickaxe":1,"minecraft:chest":1,"minecraft:spruce_boat":1,"minecraft:dark_oak_planks":8,"minecraft:arrow":64,"minecraft:emerald":7,"minecraft:cooked_porkchop":17,"minecraft:crafting_table":2,"minecraft:spruce_planks":28,"minecraft:wooden_pickaxe":1,"minecraft:iron_helmet":1,"minecraft:fletching_table":1,"minecraft:bucket":1,"minecraft:air":0,"minecraft:iron_chestplate":1,"minecraft:diamond_pickaxe":1,"minecraft:shield":1,"minecraft:stick":252,"minecraft:iron_ingot":33,"minecraft:iron_pickaxe":1,"minecraft:iron_leggings":1,"minecraft:gold_ingot":6,"minecraft:white_bed":1},"minecraft:killed_by":{"minecraft:creeper":1},"minecraft:mined":{"minecraft:dark_oak_planks":1,"minecraft:diamond_ore":8,"minecraft:white_bed":4,"minecraft:dark_oak_leaves":1,"minecraft:obsidian":8,"minecraft:grass_block":9,"minecraft:spruce_leaves":31,"minecraft:spawner":1,"minecraft:large_fern":2,"minecraft:hay_block":11,"minecraft:magma_block":1,"minecraft:furnace":3,"minecraft:iron_ore":73,"minecraft:fire":1,"minecraft:andesite":4,"minecraft:stone":58,"minecraft:crafting_table":6,"minecraft:tall_grass":5,"minecraft:cobblestone":9,"minecraft:lapis_ore":6,"minecraft:sugar_cane":14,"minecraft:diorite":6,"minecraft:grass_path":1,"minecraft:spruce_log":7,"minecraft:birch_leaves":1,"minecraft:tnt":1,"minecraft:grass":58,"minecraft:oak_log":34,"minecraft:coal_ore":24,"minecraft:sand":1,"minecraft:gravel":50,"minecraft:dirt":9,"minecraft:mossy_stone_bricks":2,"minecraft:gold_ore":6,"minecraft:oak_leaves":10,"minecraft:fern":1}},"DataVersion":2586}