{"stats":{"minecraft:used":{"minecraft:spruce_slab":11,"minecraft:carrot_on_a_stick":23,"minecraft:chest":2,"minecraft:shield":49,"minecraft:mutton":2,"minecraft:spruce_boat":1,"minecraft:lava_bucket":30,"minecraft:bow":99,"minecraft:hay_block":17,"minecraft:sweet_berries":2,"minecraft:furnace":10,"minecraft:diorite":17,"minecraft:stone_pickaxe":114,"minecraft:oak_planks":1,"minecraft:blackstone":2,"minecraft:wooden_pickaxe":12,"minecraft:blue_bed":2,"minecraft:diamond_axe":740,"minecraft:bread":64,"minecraft:lectern":168,"minecraft:gravel":44,"minecraft:nether_wart_block":7,"minecraft:andesite":3,"minecraft:oak_boat":4,"minecraft:enchanting_table":1,"minecraft:flint_and_steel":8,"minecraft:stone_shovel":33,"minecraft:spruce_planks":44,"minecraft:netherrack":384,"minecraft:dirt":87,"minecraft:granite":12,"minecraft:iron_hoe":43,"minecraft:chipped_anvil":2,"minecraft:beef":1,"minecraft:cooked_beef":15,"minecraft:water_bucket":96,"minecraft:iron_ore":2,"minecraft:fletching_table":18,"minecraft:polished_blackstone_bricks":13,"minecraft:oak_slab":6,"minecraft:crafting_table":20,"minecraft:white_bed":1,"minecraft:spruce_log":7,"minecraft:diamond_pickaxe":1587,"minecraft:cracked_polished_blackstone_bricks":5,"minecraft:iron_pickaxe":252,"minecraft:stone_axe":26,"minecraft:cobblestone":488,"minecraft:cooked_porkchop":18,"minecraft:porkchop":1,"minecraft:bucket":127},"minecraft:killed":{"minecraft:cave_spider":1,"minecraft:witch":1,"minecraft:spider":5,"minecraft:skeleton":13,"minecraft:silverfish":3,"minecraft:cat":1,"minecraft:piglin":14,"minecraft:pig":9,"minecraft:iron_golem":2,"minecraft:sheep":5,"minecraft:trader_llama":4,"minecraft:zombie":25,"minecraft:cow":12,"minecraft:blaze":21,"minecraft:horse":1,"minecraft:wandering_trader":2,"minecraft:hoglin":2,"minecraft:wither_skeleton":1,"minecraft:villager":1,"minecraft:enderman":1},"minecraft:picked_up":{"minecraft:iron_chestplate":4,"minecraft:nether_brick_fence":1,"minecraft:lead":6,"minecraft:enchanted_book":3,"minecraft:crimson_planks":2,"minecraft:brewing_stand":5,"minecraft:string":67,"minecraft:iron_leggings":4,"minecraft:diamond_leggings":4,"minecraft:spruce_planks":38,"minecraft:wooden_shovel":1,"minecraft:enchanted_golden_apple":3,"minecraft:furnace":9,"minecraft:iron_boots":5,"minecraft:stick":53,"minecraft:spruce_stairs":3,"minecraft:porkchop":33,"minecraft:diorite":139,"minecraft:stone_sword":1,"minecraft:rotten_flesh":34,"minecraft:blaze_rod":20,"minecraft:obsidian":14,"minecraft:cobblestone":1187,"minecraft:enchanting_table":4,"minecraft:water_bucket":6,"minecraft:andesite":18,"minecraft:flint":8,"minecraft:wither_skeleton_skull":1,"minecraft:lapis_lazuli":20,"minecraft:dirt":146,"minecraft:bone":21,"minecraft:chipped_anvil":6,"minecraft:bow":5,"minecraft:wheat_seeds":12,"minecraft:grindstone":2,"minecraft:diamond_helmet":4,"minecraft:fletching_table":18,"minecraft:oak_planks":1,"minecraft:cooked_porkchop":7,"minecraft:dark_oak_log":8,"minecraft:mossy_cobblestone":1,"minecraft:iron_hoe":1,"minecraft:diamond":70,"minecraft:spruce_boat":1,"minecraft:cracked_polished_blackstone_bricks":7,"minecraft:granite":70,"minecraft:emerald":35,"minecraft:bread":25,"minecraft:oak_sapling":5,"minecraft:netherrack":401,"minecraft:crimson_roots":15,"minecraft:diamond_pickaxe":4,"minecraft:crafting_table":16,"minecraft:nether_wart":58,"minecraft:diamond_horse_armor":2,"minecraft:shield":4,"minecraft:flint_and_steel":1,"minecraft:blackstone":5,"minecraft:beef":38,"minecraft:oak_boat":6,"minecraft:poppy":4,"minecraft:spruce_slab":2,"minecraft:lectern":169,"minecraft:sugar_cane":46,"minecraft:chest":1,"minecraft:polished_blackstone_bricks":14,"minecraft:carrot":2,"minecraft:arrow":470,"minecraft:diamond_chestplate":4,"minecraft:diamond_boots":4,"minecraft:hay_block":79,"minecraft:saddle":7,"minecraft:mutton":6,"minecraft:white_wool":6,"minecraft:crimson_stem":3,"minecraft:leather":122,"minecraft:red_mushroom":2,"minecraft:oak_log":23,"minecraft:nether_wart_block":7,"minecraft:blue_bed":4,"minecraft:apple":5,"minecraft:iron_ingot":158,"minecraft:iron_ore":97,"minecraft:book":4,"minecraft:oak_slab":6,"minecraft:sweet_berries":3,"minecraft:quartz":1,"minecraft:dandelion":2,"minecraft:gravel":53,"minecraft:spruce_sapling":3,"minecraft:spruce_log":159,"minecraft:spruce_door":1,"minecraft:spider_eye":3,"minecraft:diamond_shovel":2,"minecraft:stone_axe":2,"minecraft:diamond_axe":7,"minecraft:coal":163,"minecraft:black_wool":4},"minecraft:dropped":{"minecraft:crimson_stem":1,"minecraft:porkchop":15,"minecraft:diamond_axe":3,"minecraft:diamond":5,"minecraft:cooked_porkchop":6,"minecraft:carrot_on_a_stick":1,"minecraft:dirt":59,"minecraft:cracked_polished_blackstone_bricks":2,"minecraft:crimson_roots":15,"minecraft:white_wool":3,"minecraft:bone":9,"minecraft:gravel":9,"minecraft:stone_axe":3,"minecraft:blackstone":1,"minecraft:wheat":3,"minecraft:obsidian":3,"minecraft:rotten_flesh":34,"minecraft:grindstone":2,"minecraft:oak_planks":2,"minecraft:cooked_mutton":4,"minecraft:nether_brick_fence":1,"minecraft:poppy":4,"minecraft:spruce_slab":1,"minecraft:arrow":365,"minecraft:quartz":1,"minecraft:netherrack":26,"minecraft:lectern":3,"minecraft:crimson_planks":4,"minecraft:water_bucket":2,"minecraft:iron_ingot":10,"minecraft:bread":6,"minecraft:wheat_seeds":12,"minecraft:mossy_cobblestone":1,"minecraft:bookshelf":1,"minecraft:cobblestone":214,"minecraft:granite":58,"minecraft:spruce_door":1,"minecraft:spruce_stairs":3,"minecraft:stick":3,"minecraft:diorite":122,"minecraft:iron_leggings":3,"minecraft:string":15,"minecraft:spruce_sapling":3,"minecraft:dandelion":2,"minecraft:sweet_berries":1,"minecraft:nether_wart":58,"minecraft:stone_sword":1,"minecraft:stone_shovel":1,"minecraft:wither_skeleton_skull":1,"minecraft:iron_boots":4,"minecraft:flint_and_steel":1,"minecraft:spruce_planks":1,"minecraft:iron_chestplate":3,"minecraft:andesite":15,"minecraft:oak_sapling":4,"minecraft:wooden_shovel":1,"minecraft:spider_eye":2,"minecraft:bow":3,"minecraft:wooden_pickaxe":1,"minecraft:black_wool":4},"minecraft:crafted":{"minecraft:oak_planks":92,"minecraft:bookshelf":3,"minecraft:cooked_mutton":4,"minecraft:bow":3,"minecraft:diamond_helmet":1,"minecraft:diamond_leggings":1,"minecraft:iron_boots":1,"minecraft:chest":1,"minecraft:arrow":256,"minecraft:emerald":38,"minecraft:cooked_porkchop":17,"minecraft:diamond_axe":1,"minecraft:crafting_table":6,"minecraft:spruce_planks":632,"minecraft:wooden_pickaxe":1,"minecraft:iron_helmet":1,"minecraft:fletching_table":1,"minecraft:lectern":2,"minecraft:iron_chestplate":1,"minecraft:book":8,"minecraft:paper":24,"minecraft:diamond_pickaxe":2,"minecraft:shield":2,"minecraft:stick":1288,"minecraft:iron_ingot":80,"minecraft:iron_pickaxe":1,"minecraft:stone_shovel":1,"minecraft:fishing_rod":1,"minecraft:iron_nugget":9,"minecraft:furnace":5,"minecraft:flint_and_steel":2,"minecraft:spruce_slab":18,"minecraft:iron_hoe":1,"minecraft:stone_pickaxe":1,"minecraft:diamond_boots":1,"minecraft:dark_oak_planks":32,"minecraft:wheat":234,"minecraft:cooked_beef":15,"minecraft:crimson_planks":8,"minecraft:enchanting_table":1,"minecraft:bucket":1,"minecraft:stone_axe":1,"minecraft:enchanted_book":1,"minecraft:bread":77,"minecraft:air":0,"minecraft:oak_boat":1,"minecraft:iron_leggings":1,"minecraft:white_bed":1,"minecraft:diamond_chestplate":1,"minecraft:carrot_on_a_stick":1},"minecraft:killed_by":{"minecraft:piglin_brute":2,"minecraft:creeper":1,"minecraft:zombie":2,"minecraft:player":1},"minecraft:broken":{"minecraft:stone_pickaxe":1,"minecraft:diamond_pickaxe":1,"minecraft:shield":1,"minecraft:iron_pickaxe":1,"minecraft:iron_helmet":1},"minecraft:custom":{"minecraft:interact_with_crafting_table":76,"minecraft:bell_ring":1,"minecraft:leave_game":10,"minecraft:time_since_death":3170,"minecraft:sprint_one_cm":792386,"minecraft:drop":178,"minecraft:talked_to_villager":420,"minecraft:deaths":8,"minecraft:jump":5615,"minecraft:walk_on_water_one_cm":33030,"minecraft:interact_with_furnace":82,"minecraft:traded_with_villager":58,"minecraft:play_one_minute":445973,"minecraft:sleep_in_bed":7,"minecraft:damage_dealt":24454,"minecraft:player_kills":2,"minecraft:crouch_one_cm":146361,"minecraft:horse_one_cm":757560,"minecraft:mob_kills":134,"minecraft:interact_with_anvil":1,"minecraft:climb_one_cm":801,"minecraft:walk_one_cm":566698,"minecraft:sneak_time":54384,"minecraft:walk_under_water_one_cm":2820,"minecraft:boat_one_cm":37286,"minecraft:time_since_rest":3197,"minecraft:damage_taken":6459,"minecraft:swim_one_cm":9468,"minecraft:fly_one_cm":1623587,"minecraft:open_chest":23,"minecraft:pig_one_cm":45878,"minecraft:fall_one_cm":150670},"minecraft:mined":{"minecraft:spruce_planks":13,"minecraft:brewing_stand":1,"minecraft:obsidian":6,"minecraft:granite":66,"minecraft:grass_block":43,"minecraft:cracked_polished_blackstone_bricks":6,"minecraft:composter":1,"minecraft:nether_wart":20,"minecraft:spawner":1,"minecraft:polished_blackstone_bricks":12,"minecraft:weeping_vines_plant":1,"minecraft:iron_ore":81,"minecraft:fire":34,"minecraft:fletching_table":17,"minecraft:enchanting_table":1,"minecraft:spruce_slab":2,"minecraft:blackstone":2,"minecraft:crimson_nylium":26,"minecraft:nether_quartz_ore":2,"minecraft:cobblestone":67,"minecraft:grindstone":1,"minecraft:sugar_cane":9,"minecraft:oak_planks":2,"minecraft:seagrass":2,"minecraft:warped_nylium":4,"minecraft:nether_wart_block":5,"minecraft:wheat":1,"minecraft:grass":62,"minecraft:oak_log":20,"minecraft:dirt":96,"minecraft:netherrack":463,"minecraft:oak_leaves":24,"minecraft:diamond_ore":45,"minecraft:mossy_cobblestone":1,"minecraft:dark_oak_log":8,"minecraft:nether_bricks":15,"minecraft:crimson_roots":4,"minecraft:spruce_leaves":28,"minecraft:red_mushroom":2,"minecraft:crimson_stem":1,"minecraft:large_fern":2,"minecraft:hay_block":63,"minecraft:redstone_ore":9,"minecraft:furnace":5,"minecraft:carrots":2,"minecraft:nether_sprouts":1,"minecraft:andesite":24,"minecraft:nether_brick_fence":1,"minecraft:warped_stem":4,"minecraft:stone":870,"minecraft:oak_slab":7,"minecraft:glass_pane":1,"minecraft:dandelion":1,"minecraft:crafting_table":13,"minecraft:warped_roots":2,"minecraft:lectern":168,"minecraft:campfire":1,"minecraft:tall_grass":5,"minecraft:lapis_ore":1,"minecraft:diorite":141,"minecraft:blue_bed":2,"minecraft:warped_wart_block":2,"minecraft:spruce_stairs":3,"minecraft:spruce_log":156,"minecraft:birch_leaves":9,"minecraft:grass_path":20,"minecraft:coal_ore":47,"minecraft:gravel":52,"minecraft:chipped_anvil":3,"minecraft:infested_stone":2,"minecraft:fern":2}},"DataVersion":2586}