{"stats":{"minecraft:crafted":{"minecraft:cooked_porkchop":17,"minecraft:crafting_table":1,"minecraft:spruce_planks":28,"minecraft:wooden_pickaxe":1,"minecraft:iron_helmet":1,"minecraft:furnace":1,"minecraft:bucket":1,"minecraft:air":0,"minecraft:iron_boots":1,"minecraft:iron_chestplate":1,"minecraft:shield":1,"minecraft:iron_axe":1,"minecraft:stick":4,"minecraft:iron_ingot":25,"minecraft:stone_pickaxe":1,"minecraft:iron_leggings":1,"minecraft:white_bed":1,"minecraft:spruce_boat":1,"minecraft:dark_oak_planks":8},"minecraft:used":{"minecraft:water_bucket":116,"minecraft:diorite":5,"minecraft:stone_pickaxe":115,"minecraft:shield":12,"minecraft:spruce_planks":2,"minecraft:wooden_pickaxe":3,"minecraft:dirt":29,"minecraft:tnt":1,"minecraft:crafting_table":5,"minecraft:white_bed":3,"minecraft:spruce_boat":5,"minecraft:dark_oak_planks":8,"minecraft:iron_axe":4,"minecraft:grass_block":1,"minecraft:bread":34,"minecraft:spruce_sapling":1,"minecraft:gravel":42,"minecraft:stone_axe":53,"minecraft:fishing_rod":25,"minecraft:cobblestone":40,"minecraft:cooked_porkchop":1,"minecraft:furnace":2,"minecraft:porkchop":2,"minecraft:andesite":2,"minecraft:bucket":117},"minecraft:dropped":{"minecraft:gravel":3,"minecraft:stone_axe":2,"minecraft:sweet_berries":3,"minecraft:wheat_seeds":2,"minecraft:wheat":16,"minecraft:rotten_flesh":1,"minecraft:light_gray_wool":1,"minecraft:salmon":3,"minecraft:cod":2,"minecraft:leather_chestplate":3,"minecraft:filled_map":1,"minecraft:poppy":1,"minecraft:dirt":4,"minecraft:spruce_boat":1,"minecraft:leather_boots":2,"minecraft:potion":1,"minecraft:arrow":1,"minecraft:bow":1,"minecraft:wooden_pickaxe":1,"minecraft:magma_block":1,"minecraft:dark_oak_planks":1,"minecraft:spruce_sapling":1},"minecraft:custom":{"minecraft:interact_with_furnace":20,"minecraft:mob_kills":33,"minecraft:interact_with_crafting_table":14,"minecraft:play_one_minute":98161,"minecraft:leave_game":3,"minecraft:time_since_death":98161,"minecraft:sleep_in_bed":2,"minecraft:time_since_rest":50455,"minecraft:sprint_one_cm":316440,"minecraft:damage_taken":1062,"minecraft:walk_one_cm":91883,"minecraft:drop":27,"minecraft:damage_dealt":4134,"minecraft:swim_one_cm":93716,"minecraft:fly_one_cm":570887,"minecraft:open_chest":19,"minecraft:crouch_one_cm":9177,"minecraft:sneak_time":5684,"minecraft:walk_under_water_one_cm":33278,"minecraft:boat_one_cm":184258,"minecraft:jump":2608,"minecraft:walk_on_water_one_cm":26469,"minecraft:fish_caught":5,"minecraft:fall_one_cm":70877},"minecraft:mined":{"minecraft:dark_oak_planks":1,"minecraft:white_bed":3,"minecraft:dark_oak_leaves":1,"minecraft:crafting_table":5,"minecraft:grass_block":9,"minecraft:tall_grass":4,"minecraft:cobblestone":7,"minecraft:spruce_leaves":31,"minecraft:sugar_cane":14,"minecraft:diorite":5,"minecraft:large_fern":2,"minecraft:spawner":1,"minecraft:magma_block":1,"minecraft:furnace":2,"minecraft:iron_ore":25,"minecraft:andesite":2,"minecraft:spruce_log":7,"minecraft:birch_leaves":1,"minecraft:tnt":1,"minecraft:grass":37,"minecraft:coal_ore":24,"minecraft:dirt":9,"minecraft:gravel":50,"minecraft:stone":46,"minecraft:mossy_stone_bricks":2,"minecraft:oak_leaves":3,"minecraft:fern":1},"minecraft:killed":{"minecraft:pig":8,"minecraft:sheep":11,"minecraft:skeleton":5,"minecraft:zombie":1,"minecraft:drowned":1,"minecraft:cow":6,"minecraft:enderman":1},"minecraft:picked_up":{"minecraft:fishing_rod":1,"minecraft:magma_block":1,"minecraft:crafting_table":5,"minecraft:leather_chestplate":1,"minecraft:salmon":3,"minecraft:andesite":2,"minecraft:leather":7,"minecraft:potion":1,"minecraft:flint":3,"minecraft:dirt":33,"minecraft:leather_boots":2,"minecraft:bone":2,"minecraft:bow":1,"minecraft:wheat_seeds":3,"minecraft:spruce_planks":19,"minecraft:beef":6,"minecraft:iron_ore":25,"minecraft:poppy":1,"minecraft:light_gray_wool":1,"minecraft:sugar_cane":15,"minecraft:furnace":2,"minecraft:stick":2,"minecraft:sweet_berries":3,"minecraft:gravel":45,"minecraft:porkchop":19,"minecraft:spruce_sapling":2,"minecraft:white_bed":3,"minecraft:diorite":5,"minecraft:spruce_log":7,"minecraft:grass_block":1,"minecraft:dark_oak_log":2,"minecraft:dark_oak_planks":1,"minecraft:tnt":1,"minecraft:arrow":3,"minecraft:rotten_flesh":1,"minecraft:spruce_boat":5,"minecraft:oak_sapling":1,"minecraft:cod":3,"minecraft:mutton":19,"minecraft:coal":62,"minecraft:white_wool":10,"minecraft:cobblestone":51}},"DataVersion":2586}