{"stats":{"minecraft:crafted":{"minecraft:cooked_beef":5,"minecraft:oak_planks":92,"minecraft:crafting_table":3,"minecraft:wooden_pickaxe":1,"minecraft:iron_helmet":1,"minecraft:furnace":3,"minecraft:bucket":2,"minecraft:stone_axe":1,"minecraft:air":0,"minecraft:oak_boat":1,"minecraft:iron_boots":1,"minecraft:iron_chestplate":1,"minecraft:shield":1,"minecraft:iron_axe":1,"minecraft:stick":12,"minecraft:iron_ingot":62,"minecraft:iron_pickaxe":1,"minecraft:stone_pickaxe":1,"minecraft:gold_ingot":2,"minecraft:iron_leggings":1},"minecraft:used":{"minecraft:water_bucket":12,"minecraft:diorite":2,"minecraft:stone_pickaxe":47,"minecraft:oak_planks":6,"minecraft:wooden_pickaxe":10,"minecraft:dirt":17,"minecraft:crafting_table":6,"minecraft:iron_axe":8,"minecraft:iron_pickaxe":142,"minecraft:gravel":21,"minecraft:stone_axe":6,"minecraft:cobblestone":13,"minecraft:beef":3,"minecraft:oak_sapling":2,"minecraft:furnace":5,"minecraft:andesite":1,"minecraft:bucket":13,"minecraft:oak_boat":1,"minecraft:cooked_beef":3},"minecraft:dropped":{"minecraft:wooden_pickaxe":1},"minecraft:mined":{"minecraft:crafting_table":3,"minecraft:grass_block":12,"minecraft:tall_grass":1,"minecraft:cobblestone":4,"minecraft:oak_planks":2,"minecraft:diorite":3,"minecraft:redstone_ore":12,"minecraft:furnace":3,"minecraft:iron_ore":63,"minecraft:andesite":1,"minecraft:grass":9,"minecraft:oak_log":23,"minecraft:coal_ore":41,"minecraft:gravel":24,"minecraft:dirt":5,"minecraft:stone":67,"minecraft:gold_ore":2,"minecraft:oak_leaves":6},"minecraft:picked_up":{"minecraft:crafting_table":4,"minecraft:iron_chestplate":1,"minecraft:cooked_beef":3,"minecraft:andesite":2,"minecraft:leather":8,"minecraft:flint":6,"minecraft:oak_log":23,"minecraft:shield":1,"minecraft:dirt":17,"minecraft:iron_axe":1,"minecraft:bucket":1,"minecraft:stone_pickaxe":1,"minecraft:beef":8,"minecraft:iron_ingot":1,"minecraft:iron_ore":64,"minecraft:iron_pickaxe":1,"minecraft:oak_planks":84,"minecraft:iron_boots":1,"minecraft:furnace":3,"minecraft:stick":2,"minecraft:gravel":21,"minecraft:lava_bucket":1,"minecraft:diorite":4,"minecraft:gold_ore":2,"minecraft:redstone":54,"minecraft:stone_axe":1,"minecraft:iron_helmet":1,"minecraft:oak_sapling":2,"minecraft:coal":79,"minecraft:cobblestone":69},"minecraft:killed":{"minecraft:cow":4},"minecraft:custom":{"minecraft:interact_with_furnace":26,"minecraft:mob_kills":4,"minecraft:interact_with_crafting_table":16,"minecraft:play_one_minute":71152,"minecraft:leave_game":2,"minecraft:time_since_death":32375,"minecraft:time_since_rest":32413,"minecraft:sprint_one_cm":69686,"minecraft:damage_taken":460,"minecraft:walk_one_cm":32733,"minecraft:drop":1,"minecraft:damage_dealt":490,"minecraft:swim_one_cm":955,"minecraft:fly_one_cm":64663,"minecraft:crouch_one_cm":11195,"minecraft:deaths":1,"minecraft:sneak_time":5193,"minecraft:walk_under_water_one_cm":1186,"minecraft:jump":443,"minecraft:walk_on_water_one_cm":8828,"minecraft:fall_one_cm":10362}},"DataVersion":2586}