{"stats":{"minecraft:crafted":{"minecraft:cooked_beef":5,"minecraft:oak_planks":92,"minecraft:crafting_table":3,"minecraft:wooden_pickaxe":1,"minecraft:iron_helmet":1,"minecraft:furnace":3,"minecraft:bucket":2,"minecraft:stone_axe":1,"minecraft:air":0,"minecraft:oak_boat":1,"minecraft:iron_boots":1,"minecraft:iron_chestplate":1,"minecraft:shield":1,"minecraft:iron_axe":1,"minecraft:stick":12,"minecraft:iron_ingot":62,"minecraft:iron_pickaxe":1,"minecraft:stone_pickaxe":1,"minecraft:chest":1,"minecraft:iron_leggings":2,"minecraft:gold_ingot":2},"minecraft:used":{"minecraft:water_bucket":31,"minecraft:diorite":2,"minecraft:stone_pickaxe":47,"minecraft:oak_planks":6,"minecraft:chest":1,"minecraft:wooden_pickaxe":10,"minecraft:dirt":17,"minecraft:crafting_table":8,"minecraft:iron_axe":11,"minecraft:iron_pickaxe":146,"minecraft:gravel":21,"minecraft:stone_axe":6,"minecraft:cobblestone":14,"minecraft:beef":3,"minecraft:furnace":5,"minecraft:oak_sapling":2,"minecraft:bucket":33,"minecraft:andesite":1,"minecraft:oak_boat":1,"minecraft:cooked_beef":3},"minecraft:dropped":{"minecraft:porkchop":2,"minecraft:wheat_seeds":1,"minecraft:wooden_pickaxe":1},"minecraft:mined":{"minecraft:crafting_table":5,"minecraft:grass_block":12,"minecraft:tall_grass":12,"minecraft:cobblestone":6,"minecraft:oak_planks":2,"minecraft:diorite":3,"minecraft:redstone_ore":12,"minecraft:furnace":4,"minecraft:iron_ore":63,"minecraft:andesite":1,"minecraft:grass":13,"minecraft:oak_log":23,"minecraft:coal_ore":41,"minecraft:gravel":24,"minecraft:dirt":5,"minecraft:stone":68,"minecraft:gold_ore":2,"minecraft:oak_leaves":6},"minecraft:picked_up":{"minecraft:iron_chestplate":1,"minecraft:crafting_table":6,"minecraft:cooked_beef":3,"minecraft:andesite":2,"minecraft:leather":8,"minecraft:flint":6,"minecraft:oak_log":23,"minecraft:shield":1,"minecraft:string":2,"minecraft:dirt":17,"minecraft:iron_axe":1,"minecraft:wheat_seeds":1,"minecraft:bucket":1,"minecraft:stone_pickaxe":1,"minecraft:beef":8,"minecraft:iron_ingot":1,"minecraft:iron_ore":64,"minecraft:iron_pickaxe":1,"minecraft:oak_planks":84,"minecraft:iron_boots":1,"minecraft:furnace":4,"minecraft:stick":2,"minecraft:gravel":21,"minecraft:lava_bucket":1,"minecraft:porkchop":2,"minecraft:diorite":4,"minecraft:gold_ore":2,"minecraft:redstone":54,"minecraft:arrow":1,"minecraft:stone_axe":1,"minecraft:iron_helmet":1,"minecraft:oak_sapling":2,"minecraft:coal":113,"minecraft:cobblestone":72},"minecraft:killed":{"minecraft:cave_spider":1,"minecraft:pig":1,"minecraft:cow":4},"minecraft:custom":{"minecraft:interact_with_furnace":26,"minecraft:mob_kills":6,"minecraft:interact_with_crafting_table":20,"minecraft:play_one_minute":75949,"minecraft:leave_game":4,"minecraft:time_since_death":37172,"minecraft:time_since_rest":37210,"minecraft:sprint_one_cm":78978,"minecraft:damage_taken":495,"minecraft:walk_one_cm":38274,"minecraft:drop":3,"minecraft:damage_dealt":650,"minecraft:swim_one_cm":1326,"minecraft:fly_one_cm":73752,"minecraft:open_chest":4,"minecraft:crouch_one_cm":12234,"minecraft:deaths":1,"minecraft:sneak_time":5508,"minecraft:walk_under_water_one_cm":7707,"minecraft:jump":540,"minecraft:walk_on_water_one_cm":13307,"minecraft:fall_one_cm":11256}},"DataVersion":2586}